#VRML V2.0 utf8
# 3D model generated by easyeda2kicad.py (https://github.com/uPesy/easyeda2kicad.py)

Shape{
    appearance Appearance {
        material  Material 	{
            diffuseColor 0.7686274509803922 0.7686274509803922 0.7686274509803922
            specularColor 0.615686274509804 0.615686274509804 0.615686274509804
            ambientIntensity 0.7686
            transparency 0.0
            shininess 0.5
        }
    }
    geometry IndexedFaceSet {
        ccw TRUE
        solid FALSE
        coord DEF co Coordinate {
            point [
                -0.4725 1.9727 1.7216, -0.4725 1.9528 1.7473, -0.4725 1.9288 1.7694, -0.4725 1.1614 1.811, -0.4725 1.1614 1.6929, -0.4725 1.8078 1.811, -0.4725 1.9882 1.6929, -0.4725 1.8402 1.8083, -0.4725 1.8718 1.8003, -0.4725 1.9016 1.7872, -1.4567 1.9882 1.6929, -1.4567 1.1614 1.6929, -1.4567 1.1614 1.811, -1.4567 1.8078 1.811, -1.4567 1.8402 1.8083, -1.4567 1.8718 1.8003, -1.4567 1.9016 1.7872, -1.4567 1.9288 1.7694, -1.4567 1.9727 1.7216, -1.4567 1.9528 1.7473
            ]
        }
        coordIndex [
            0,1,2,-1,3,4,5,-1,5,4,6,-1,5,6,7,-1,7,6,8,-1,0,2,6,-1,6,2,9,-1,6,9,8,-1,10,11,12,-1,12,13,10,-1,10,13,14,-1,10,14,15,-1,15,16,10,-1,10,16,17,-1,10,17,18,-1,18,17,19,-1,3,12,4,-1,4,12,11,-1,13,12,5,-1,5,12,3,-1,11,10,4,-1,4,10,6,-1,13,5,7,-1,13,7,14,-1,14,7,8,-1,14,8,15,-1,15,8,9,-1,15,9,16,-1,16,9,2,-1,16,2,17,-1,17,2,1,-1,17,1,19,-1,19,1,0,-1,19,0,18,-1,18,0,6,-1,18,6,10,-1,
        ]
    }
}
Shape{
    appearance Appearance {
        material  Material 	{
            diffuseColor 0.22745098039215686 0.5372549019607843 0.26666666666666666
            specularColor 0.11372549019607843 0.26666666666666666 0.13333333333333333
            ambientIntensity 0.4138
            transparency 0.0
            shininess 0.5
        }
    }
    geometry IndexedFaceSet {
        ccw TRUE
        solid FALSE
        coord DEF co Coordinate {
            point [
                -0.6622 2.0669 1.106, -0.6312 2.0669 1.1025, -0.7303 2.0669 0.8695, -0.7974 2.0669 1.1367, -0.6897 2.0669 1.1386, -0.6995 2.0669 1.138, -0.7359 2.0669 1.1281, -0.7359 2.0669 1.0858, -0.7974 2.0669 0.8218, -0.9587 2.0669 1.1022, -0.9971 2.0669 0.0, -0.9971 2.0669 1.1386, -0.9587 2.0669 1.1367, -0.8396 2.0669 1.1022, -0.8396 2.0669 0.9984, -0.7005 2.0669 1.101, -0.7359 2.0669 0.8727, -0.8396 2.0669 0.9639, -0.8396 2.0669 0.8563, -0.951 2.0669 0.9639, -0.9664 2.0669 0.8563, -0.951 2.0669 0.9984, -0.5183 2.0669 1.0538, -0.5367 2.0669 1.0832, -0.3557 2.0669 1.1367, -0.5652 2.0669 1.1106, -0.5951 2.0669 1.1278, 0.0196 2.0669 1.1386, 0.0196 2.0669 0.0, -0.3134 2.0669 0.8218, -0.9664 2.0669 0.8218, -0.6302 2.0669 1.138, -0.6383 2.0669 1.1386, -0.3134 2.0669 1.1367, -0.6076 2.0669 1.094, -0.5858 2.0669 1.0794, -0.5668 2.0669 1.0584, -0.5439 2.0669 0.9759, -0.5471 2.0669 0.9418, -0.5556 2.0669 0.9147, -0.6257 2.0669 0.8558, -0.6551 2.0669 0.8525, -0.6028 2.0669 0.8642, -0.5834 2.0669 0.8773, -0.5687 2.0669 0.8929, -0.6969 2.0669 0.8571, -0.5538 2.0669 1.0341, -0.5454 2.0669 1.0004, -0.3557 2.0669 0.8563, -0.5016 2.0669 0.9733, -0.5062 2.0669 1.0181, -0.5799 2.0669 0.8325, -0.5546 2.0669 0.8486, -0.4748 2.0669 0.8218, -0.5309 2.0669 0.8735, -0.4748 2.0669 0.8563, -0.5142 2.0669 0.9035, -0.5047 2.0669 0.9368, -0.7359 2.0669 0.8381, -0.7024 2.0669 0.8243, -0.6579 2.0669 0.8181, -0.6493 2.0669 0.8179, -0.6105 2.0669 0.8219, 0.0196 2.0669 1.8898, -0.4725 2.0669 1.8898, -0.6618 2.0669 1.1406, -0.9971 2.0669 1.8898, -1.4567 2.0669 1.8898, -1.5107 2.0669 0.9101, -1.3806 2.0669 0.9101, -1.5425 2.0669 0.8218, -1.3505 2.0669 0.8218, -1.5886 2.0669 0.8218, -1.9489 2.0669 0.0, -1.3044 2.0669 0.8218, -1.4657 2.0669 1.1367, -1.4235 2.0669 1.1367, -1.1167 2.0669 1.1367, -1.1622 2.0669 1.1319, -1.1991 2.0669 1.1189, -1.2334 2.0669 1.0959, -1.2656 2.0669 0.9081, -1.2476 2.0669 0.8799, -1.2216 2.0669 0.8551, -1.1888 2.0669 0.836, -1.2337 2.0669 1.0957, -1.256 2.0669 1.071, -1.2706 2.0669 1.0439, -1.1525 2.0669 0.8252, -1.1135 2.0669 0.8218, -1.0279 2.0669 0.8218, -1.0279 2.0669 1.1367, -1.2791 2.0669 1.0128, -1.2814 2.0669 0.9832, -1.2769 2.0669 0.9411, -1.9489 2.0669 1.1386, -1.9489 2.0669 1.8898, -2.1456 1.0827 0.0, -2.1456 1.4764 0.0, -1.9489 1.1744 0.0, -1.9489 1.3846 0.0, -2.1456 -1.6732 0.0, -2.1456 -1.2795 0.0, -1.9489 -1.5815 0.0, -1.9489 -1.3713 0.0, -0.1772 1.0827 0.0, -0.7875 -0.1378 0.0, -0.7875 0.1772 0.0, -0.1772 -1.2795 0.0, 0.0196 1.1745 0.0, 0.0196 -1.3713 0.0, 0.0196 -1.5814 0.0, 0.0196 -2.0669 0.0, -0.1772 -1.6732 0.0, -1.9489 -2.0669 0.0, -1.1418 -0.1378 0.0, -1.1418 0.1772 0.0, -0.1772 1.4764 0.0, 0.0196 1.3846 0.0, -1.9489 -1.3713 2.7559, -1.9489 1.1744 2.7559, -1.9489 1.3846 2.7559, -1.9489 1.1762 5.4913, -1.9489 1.1702 5.5077, -1.9489 -1.5815 2.7559, -1.9489 -2.0669 2.7953, -1.9489 -2.0602 2.8462, -1.9489 -1.9685 2.9658, -1.9489 -1.921 2.9854, -1.9489 -1.8701 2.9921, -1.9489 -1.1774 5.4935, -1.9489 -1.1694 5.5123, -1.9489 -1.1569 5.5284, -1.9489 -1.1407 5.5408, -1.9489 -1.1218 5.5485, -1.9489 -1.1015 5.5512, -1.9489 1.0998 5.5512, -1.9489 1.1171 5.5493, -1.9489 1.1335 5.5436, -1.9489 1.1483 5.5344, -1.9489 1.1607 5.5223, -1.9489 -2.0406 2.8937, -1.9489 -2.0093 2.9345, -1.4567 -1.8701 0.7874, -0.4725 -1.8701 0.7874, -1.4567 -1.6732 0.7874, -0.4725 -1.6732 0.7874, -0.4725 -1.6692 0.818, -0.4725 -1.6732 2.1654, -0.4725 -1.6732 2.0544, -0.4725 -1.8701 2.1654, -0.4725 -1.6598 1.9525, -0.4725 -1.5857 0.9015, -0.4725 -1.6205 1.8575, -0.4725 -1.5579 1.776, -0.4725 -1.6142 0.8897, -0.4725 -1.6386 0.8709, -0.4725 -1.6574 0.8465, -0.4725 -0.0984 1.6607, -0.4725 -0.0984 0.9055, -0.4725 -1.2795 1.6607, -0.4725 -1.5551 0.9055, -0.4725 -1.3814 1.6741, -0.4725 -1.4764 1.7134, -1.4567 -1.6732 2.0544, -1.4567 -1.6732 2.1654, -1.4567 -1.8701 2.1654, -1.4567 -1.6142 0.8897, -1.4567 -1.5857 0.9015, -1.4567 -1.4764 1.7134, -1.4567 -1.5579 1.776, -1.4567 -1.6205 1.8575, -1.4567 -1.6598 1.9525, -1.4567 -1.6692 0.818, -1.4567 -1.6574 0.8465, -1.4567 -1.6386 0.8709, -1.4567 -0.0984 0.9055, -1.4567 -0.0984 1.6607, -1.4567 -1.5551 0.9055, -1.4567 -1.2795 1.6607, -1.4567 -1.3814 1.6741
            ]
        }
        coordIndex [
            0,1,2,-1,3,4,5,-1,5,6,3,-1,3,6,7,-1,3,7,8,-1,9,10,11,-1,4,3,11,-1,11,3,12,-1,11,12,9,-1,9,13,14,-1,0,2,15,-1,15,2,16,-1,15,16,7,-1,17,18,19,-1,19,18,20,-1,19,20,21,-1,22,23,24,-1,24,23,25,-1,24,25,26,-1,27,28,29,-1,14,21,9,-1,9,21,20,-1,9,20,10,-1,10,20,30,-1,10,30,8,-1,26,31,24,-1,24,31,32,-1,24,32,33,-1,1,34,2,-1,2,34,35,-1,2,35,36,-1,37,38,2,-1,2,38,39,-1,40,41,42,-1,42,41,43,-1,39,44,2,-1,2,44,43,-1,2,43,45,-1,45,43,41,-1,36,46,2,-1,2,46,47,-1,2,47,37,-1,48,49,24,-1,24,49,50,-1,24,50,22,-1,51,52,53,-1,53,52,54,-1,53,54,55,-1,55,54,56,-1,55,56,48,-1,48,56,57,-1,48,57,49,-1,29,28,53,-1,53,28,10,-1,53,10,51,-1,7,16,8,-1,8,16,58,-1,8,58,10,-1,10,58,59,-1,10,59,60,-1,60,61,10,-1,10,61,62,-1,10,62,51,-1,29,33,27,-1,27,33,32,-1,27,32,63,-1,63,32,64,-1,32,65,64,-1,64,65,4,-1,64,4,66,-1,66,4,11,-1,66,11,67,-1,68,69,70,-1,70,69,71,-1,72,70,73,-1,73,70,71,-1,73,71,10,-1,10,71,74,-1,75,11,76,-1,76,11,77,-1,77,78,76,-1,76,78,79,-1,76,79,80,-1,81,82,74,-1,74,82,83,-1,74,83,84,-1,80,85,76,-1,76,85,86,-1,76,86,87,-1,84,88,74,-1,74,88,89,-1,74,89,10,-1,10,89,90,-1,10,90,11,-1,11,90,91,-1,11,91,77,-1,87,92,76,-1,76,92,93,-1,76,93,74,-1,74,93,94,-1,74,94,81,-1,72,73,75,-1,75,73,95,-1,75,95,11,-1,11,95,96,-1,11,96,67,-1,97,98,99,-1,99,98,100,-1,101,102,103,-1,103,102,104,-1,105,106,107,-1,106,105,108,-1,108,105,109,-1,108,109,110,-1,111,112,113,-1,113,112,114,-1,113,114,108,-1,108,114,103,-1,108,103,106,-1,106,103,104,-1,106,104,115,-1,100,73,10,-1,115,104,116,-1,116,104,99,-1,116,99,107,-1,107,99,100,-1,107,100,105,-1,105,100,10,-1,105,10,117,-1,117,10,28,-1,117,28,118,-1,95,73,100,-1,104,119,99,-1,99,119,120,-1,95,100,96,-1,96,100,121,-1,96,121,122,-1,122,121,120,-1,122,120,123,-1,103,114,124,-1,124,114,125,-1,124,125,126,-1,127,128,124,-1,124,128,129,-1,124,129,119,-1,119,129,130,-1,119,130,120,-1,120,130,131,-1,120,131,132,-1,132,133,120,-1,120,133,134,-1,120,134,135,-1,135,136,120,-1,120,136,137,-1,120,137,138,-1,138,139,120,-1,120,139,140,-1,120,140,123,-1,126,141,124,-1,124,141,142,-1,124,142,127,-1,143,144,145,-1,145,144,146,-1,147,146,144,-1,148,149,150,-1,150,149,151,-1,150,151,152,-1,152,151,153,-1,152,153,154,-1,152,155,150,-1,150,155,156,-1,150,156,144,-1,144,156,157,-1,144,157,147,-1,158,159,160,-1,160,159,161,-1,160,161,162,-1,162,161,152,-1,162,152,163,-1,163,152,154,-1,164,165,166,-1,167,168,166,-1,169,170,168,-1,168,170,171,-1,168,171,166,-1,166,171,172,-1,166,172,164,-1,145,173,143,-1,143,173,174,-1,143,174,166,-1,166,174,175,-1,166,175,167,-1,176,177,178,-1,178,177,179,-1,178,179,168,-1,168,179,180,-1,168,180,169,-1,158,177,159,-1,159,177,176,-1,
        ]
    }
}
Shape{
    appearance Appearance {
        material  Material 	{
            diffuseColor 0.7686274509803922 0.7686274509803922 0.7686274509803922
            specularColor 0.615686274509804 0.615686274509804 0.615686274509804
            ambientIntensity 0.7686
            transparency 0.0
            shininess 0.5
        }
    }
    geometry IndexedFaceSet {
        ccw TRUE
        solid FALSE
        coord DEF co Coordinate {
            point [
                -0.2628 -0.0984 5.4724, -1.6664 -0.0984 5.4724, -0.2817 -0.1894 5.4724, -1.6475 -0.1894 5.4724, -1.6079 -0.2974 5.4724, -1.3936 -0.5641 5.4724, -1.2966 -0.6261 5.4724, -1.1909 -0.6715 5.4724, -0.3214 -0.2974 5.4724, -1.0793 -0.6993 5.4724, -0.9646 -0.7087 5.4724, -0.45 -0.4872 5.4724, -1.5513 -0.3976 5.4724, -1.4792 -0.4872 5.4724, -0.378 -0.3976 5.4724, -0.8499 -0.6993 5.4724, -0.7383 -0.6715 5.4724, -0.5357 -0.5641 5.4724, -0.6326 -0.6261 5.4724, -1.6733 -0.3412 5.3937, -1.6164 -0.4417 5.3937, -1.6148 -0.4406 5.4112, -1.5782 -0.4893 5.3937, -1.5364 -0.5414 5.3937, -1.5349 -0.54 5.4112, -1.3055 -0.7077 5.3937, -1.2161 -0.7462 5.3937, -1.2155 -0.7443 5.4112, -0.79 -0.7653 5.3937, -0.7131 -0.7462 5.3937, -0.7138 -0.7443 5.4112, -0.4745 -0.6147 5.3937, -0.3929 -0.5414 5.3937, -0.3943 -0.54 5.4112, -0.351 -0.4893 5.3937, -0.3128 -0.4417 5.3937, -0.3144 -0.4406 5.4112, -1.7305 -0.1749 5.3937, -1.7234 -0.2104 5.3937, -1.7215 -0.2099 5.4112, -0.2648 -0.1941 5.4705, -0.2452 -0.0984 5.4703, -0.244 -0.0984 5.4702, -0.2488 -0.1985 5.4646, -0.2363 -0.0984 5.4679, -0.2224 -0.2058 5.4428, -0.2128 -0.0984 5.4548, -0.2344 -0.2025 5.4553, -0.2194 -0.0984 5.4596, -0.2286 -0.0984 5.4642, -0.1917 -0.0984 5.4276, -0.1951 -0.0984 5.4348, -0.2134 -0.2083 5.4279, -0.1997 -0.0984 5.4415, -0.2008 -0.0984 5.4427, -0.1873 -0.0984 5.418, -0.2078 -0.2099 5.4112, -0.1854 -0.0984 5.4112, -0.2059 -0.2104 5.3937, -0.1987 -0.1749 5.3937, -0.1834 -0.0984 5.3937, -0.1852 -0.0984 5.4102, -1.7159 -0.2083 5.4279, -1.7419 -0.0984 5.4182, -1.7434 -0.0984 5.4111, -1.7454 -0.0984 5.4023, -1.7458 -0.0984 5.3937, -1.7068 -0.2058 5.4428, -1.7341 -0.0984 5.435, -1.7375 -0.0984 5.4276, -1.6948 -0.2025 5.4553, -1.7165 -0.0984 5.4549, -1.7296 -0.0984 5.4415, -1.6933 -0.0984 5.4678, -1.7006 -0.0984 5.4642, -1.6804 -0.1985 5.4646, -1.7102 -0.0984 5.4594, -1.7159 -0.0984 5.4552, -1.6858 -0.0984 5.4701, -1.6644 -0.1941 5.4705, -1.6841 -0.0984 5.4703, -0.3055 -0.3047 5.4705, -0.3635 -0.4074 5.4705, -0.2904 -0.3117 5.4646, -0.3497 -0.4167 5.4646, -0.2768 -0.318 5.4553, -0.3373 -0.4251 5.4553, -0.2655 -0.3232 5.4428, -0.327 -0.4321 5.4428, -0.257 -0.3272 5.4279, -0.3192 -0.4374 5.4279, -0.2517 -0.3296 5.4112, -0.6244 -0.6416 5.4705, -0.7327 -0.6882 5.4705, -0.6166 -0.6563 5.4646, -0.7274 -0.7039 5.4646, -0.6096 -0.6694 5.4553, -0.7226 -0.7181 5.4553, -0.6038 -0.6805 5.4428, -0.7186 -0.7299 5.4428, -0.5994 -0.6887 5.4279, -0.7156 -0.7388 5.4279, -0.5966 -0.6939 5.4112, -1.0821 -0.7166 5.4705, -1.1965 -0.6882 5.4705, -1.0848 -0.733 5.4646, -1.2019 -0.7039 5.4646, -1.0872 -0.7478 5.4553, -1.2066 -0.7181 5.4553, -1.0893 -0.7601 5.4428, -1.2106 -0.7299 5.4428, -1.0908 -0.7693 5.4279, -1.2136 -0.7388 5.4279, -1.0917 -0.7751 5.4112, -1.4042 -0.578 5.4705, -1.4919 -0.4993 5.4705, -1.4142 -0.5913 5.4646, -1.504 -0.5107 5.4646, -1.4233 -0.6032 5.4553, -1.5148 -0.521 5.4553, -1.4308 -0.6131 5.4428, -1.5239 -0.5296 5.4428, -1.4365 -0.6206 5.4279, -1.5307 -0.536 5.4279, -1.44 -0.6252 5.4112, -0.2499 -0.3304 5.3937, -0.256 -0.3412 5.3937, -0.4373 -0.4993 5.4705, -0.4252 -0.5107 5.4646, -0.4144 -0.521 5.4553, -0.4053 -0.5296 5.4428, -0.3985 -0.536 5.4279, -0.488 -0.6268 5.3937, -0.4892 -0.6252 5.4112, -0.4927 -0.6206 5.4279, -0.4984 -0.6131 5.4428, -0.506 -0.6032 5.4553, -0.515 -0.5913 5.4646, -0.5251 -0.578 5.4705, -0.5957 -0.6956 5.3937, -0.6237 -0.7077 5.3937, -0.8372 -0.777 5.3937, -0.8375 -0.7751 5.4112, -0.8385 -0.7693 5.4279, -0.84 -0.7601 5.4428, -0.842 -0.7478 5.4553, -0.8444 -0.733 5.4646, -0.8471 -0.7166 5.4705, -0.9646 -0.7262 5.4705, -0.9646 -0.7428 5.4646, -0.9646 -0.7578 5.4553, -0.9646 -0.7702 5.4428, -0.9646 -0.7796 5.4279, -0.9646 -0.7854 5.4112, -0.9646 -0.7874 5.3937, -1.092 -0.777 5.3937, -1.1392 -0.7653 5.3937, -1.3335 -0.6956 5.3937, -1.3326 -0.6939 5.4112, -1.3299 -0.6887 5.4279, -1.3255 -0.6805 5.4428, -1.3196 -0.6694 5.4553, -1.3126 -0.6563 5.4646, -1.3048 -0.6416 5.4705, -1.4412 -0.6268 5.3937, -1.4547 -0.6147 5.3937, -1.61 -0.4374 5.4279, -1.6022 -0.4321 5.4428, -1.5919 -0.4251 5.4553, -1.5795 -0.4167 5.4646, -1.5658 -0.4074 5.4705, -1.6793 -0.3304 5.3937, -1.6775 -0.3296 5.4112, -1.6723 -0.3272 5.4279, -1.6637 -0.3232 5.4428, -1.6524 -0.318 5.4553, -1.6389 -0.3117 5.4646, -1.6238 -0.3047 5.4705
            ]
        }
        coordIndex [
            0,1,2,-1,2,1,3,-1,2,3,4,-1,5,6,2,-1,2,6,7,-1,2,7,8,-1,9,10,11,-1,4,12,2,-1,2,12,13,-1,2,13,5,-1,9,11,7,-1,7,11,14,-1,7,14,8,-1,10,15,11,-1,11,15,16,-1,11,16,17,-1,17,16,18,-1,19,20,21,-1,22,23,24,-1,25,26,27,-1,28,29,30,-1,31,32,33,-1,34,35,36,-1,37,38,39,-1,2,40,0,-1,0,40,41,-1,41,40,42,-1,42,40,43,-1,42,43,44,-1,45,46,47,-1,47,46,48,-1,47,48,43,-1,43,48,49,-1,43,49,44,-1,50,51,52,-1,52,51,53,-1,52,53,45,-1,45,53,54,-1,45,54,46,-1,50,52,55,-1,55,52,56,-1,55,56,57,-1,56,58,59,-1,59,60,56,-1,56,60,61,-1,56,61,57,-1,62,63,39,-1,39,63,64,-1,39,64,37,-1,37,64,65,-1,37,65,66,-1,67,68,62,-1,62,68,69,-1,62,69,63,-1,70,71,67,-1,67,71,72,-1,67,72,68,-1,73,74,75,-1,75,74,76,-1,75,76,70,-1,70,76,77,-1,70,77,71,-1,73,75,78,-1,78,75,79,-1,78,79,80,-1,80,79,3,-1,80,3,1,-1,8,14,81,-1,81,14,82,-1,81,82,83,-1,83,82,84,-1,83,84,85,-1,85,84,86,-1,85,86,87,-1,87,86,88,-1,87,88,89,-1,89,88,90,-1,89,90,91,-1,91,90,36,-1,18,16,92,-1,92,16,93,-1,92,93,94,-1,94,93,95,-1,94,95,96,-1,96,95,97,-1,96,97,98,-1,98,97,99,-1,98,99,100,-1,100,99,101,-1,100,101,102,-1,102,101,30,-1,9,7,103,-1,103,7,104,-1,103,104,105,-1,105,104,106,-1,105,106,107,-1,107,106,108,-1,107,108,109,-1,109,108,110,-1,109,110,111,-1,111,110,112,-1,111,112,113,-1,113,112,27,-1,5,13,114,-1,114,13,115,-1,114,115,116,-1,116,115,117,-1,116,117,118,-1,118,117,119,-1,118,119,120,-1,120,119,121,-1,120,121,122,-1,122,121,123,-1,122,123,124,-1,124,123,24,-1,2,8,40,-1,40,8,81,-1,40,81,43,-1,43,81,83,-1,43,83,47,-1,47,83,85,-1,47,85,45,-1,45,85,87,-1,45,87,52,-1,52,87,89,-1,52,89,56,-1,56,89,91,-1,56,91,58,-1,58,91,125,-1,36,35,91,-1,91,35,126,-1,91,126,125,-1,14,11,82,-1,82,11,127,-1,82,127,84,-1,84,127,128,-1,84,128,86,-1,86,128,129,-1,86,129,88,-1,88,129,130,-1,88,130,90,-1,90,130,131,-1,90,131,36,-1,36,131,33,-1,36,33,34,-1,34,33,32,-1,132,31,133,-1,133,31,33,-1,133,33,134,-1,134,33,131,-1,134,131,135,-1,135,131,130,-1,135,130,136,-1,136,130,129,-1,136,129,137,-1,137,129,128,-1,137,128,138,-1,138,128,127,-1,138,127,17,-1,17,127,11,-1,17,18,138,-1,138,18,92,-1,138,92,137,-1,137,92,94,-1,137,94,136,-1,136,94,96,-1,136,96,135,-1,135,96,98,-1,135,98,134,-1,134,98,100,-1,134,100,133,-1,133,100,102,-1,133,102,132,-1,132,102,139,-1,30,29,102,-1,102,29,140,-1,102,140,139,-1,141,28,142,-1,142,28,30,-1,142,30,143,-1,143,30,101,-1,143,101,144,-1,144,101,99,-1,144,99,145,-1,145,99,97,-1,145,97,146,-1,146,97,95,-1,146,95,147,-1,147,95,93,-1,147,93,15,-1,15,93,16,-1,15,10,147,-1,147,10,148,-1,147,148,146,-1,146,148,149,-1,146,149,145,-1,145,149,150,-1,145,150,144,-1,144,150,151,-1,144,151,143,-1,143,151,152,-1,143,152,142,-1,142,152,153,-1,142,153,141,-1,141,153,154,-1,10,9,148,-1,148,9,103,-1,148,103,149,-1,149,103,105,-1,149,105,150,-1,150,105,107,-1,150,107,151,-1,151,107,109,-1,151,109,152,-1,152,109,111,-1,152,111,153,-1,153,111,113,-1,153,113,154,-1,154,113,155,-1,27,26,113,-1,113,26,156,-1,113,156,155,-1,157,25,158,-1,158,25,27,-1,158,27,159,-1,159,27,112,-1,159,112,160,-1,160,112,110,-1,160,110,161,-1,161,110,108,-1,161,108,162,-1,162,108,106,-1,162,106,163,-1,163,106,104,-1,163,104,6,-1,6,104,7,-1,6,5,163,-1,163,5,114,-1,163,114,162,-1,162,114,116,-1,162,116,161,-1,161,116,118,-1,161,118,160,-1,160,118,120,-1,160,120,159,-1,159,120,122,-1,159,122,158,-1,158,122,124,-1,158,124,157,-1,157,124,164,-1,24,23,124,-1,124,23,165,-1,124,165,164,-1,20,22,21,-1,21,22,24,-1,21,24,166,-1,166,24,123,-1,166,123,167,-1,167,123,121,-1,167,121,168,-1,168,121,119,-1,168,119,169,-1,169,119,117,-1,169,117,170,-1,170,117,115,-1,170,115,12,-1,12,115,13,-1,171,19,172,-1,172,19,21,-1,172,21,173,-1,173,21,166,-1,173,166,174,-1,174,166,167,-1,174,167,175,-1,175,167,168,-1,175,168,176,-1,176,168,169,-1,176,169,177,-1,177,169,170,-1,177,170,4,-1,4,170,12,-1,4,3,177,-1,177,3,79,-1,177,79,176,-1,176,79,75,-1,176,75,175,-1,175,75,70,-1,175,70,174,-1,174,70,67,-1,174,67,173,-1,173,67,62,-1,173,62,172,-1,172,62,39,-1,172,39,171,-1,171,39,38,-1,
        ]
    }
}
Shape{
    appearance Appearance {
        material  Material 	{
            diffuseColor 0.22745098039215686 0.5372549019607843 0.26666666666666666
            specularColor 0.11372549019607843 0.26666666666666666 0.13333333333333333
            ambientIntensity 0.4138
            transparency 0.0
            shininess 0.5
        }
    }
    geometry IndexedFaceSet {
        ccw TRUE
        solid FALSE
        coord DEF co Coordinate {
            point [
                0.0196 -2.0669 0.0, 0.0196 -1.5814 0.0, 0.0196 -2.0669 2.7953, 0.0196 -1.5814 2.7559, 0.0196 1.1171 5.5493, 0.0196 1.0998 5.5512, 0.0196 -1.3713 2.7559, 0.0196 1.1745 2.7559, 0.0196 1.3846 2.7559, 0.0196 1.1762 5.4913, 0.0196 2.0669 1.8898, 0.0196 -1.8701 2.9921, 0.0196 -1.921 2.9854, 0.0196 -1.9685 2.9658, 0.0196 -2.0093 2.9345, 0.0196 -1.3713 0.0, 0.0196 1.1745 0.0, 0.0196 -2.0406 2.8937, 0.0196 -2.0602 2.8462, 0.0196 1.1702 5.5077, 0.0196 1.1607 5.5223, 0.0196 -1.1015 5.5512, 0.0196 -1.1774 5.4935, 0.0196 -1.1218 5.5485, 0.0196 2.0669 1.1386, 0.0196 1.3846 0.0, 0.0196 2.0669 0.0, 0.0196 1.1483 5.5344, 0.0196 1.1335 5.5436, 0.0196 -1.1407 5.5408, 0.0196 -1.1569 5.5284, 0.0196 -1.1694 5.5123, -0.2363 -2.0669 2.6378, -1.693 -2.0669 2.6378, -1.9489 -2.0669 2.7953, -1.693 -2.0669 0.6299, -1.9489 -2.0669 0.0, -0.2363 -2.0669 0.6299, -0.1586 0.184 5.5512, -0.1378 -0.0 5.5512, -0.2197 -0.3587 5.5512, -0.3182 -0.5155 5.5512, -0.4491 -0.6464 5.5512, -0.6059 -0.7449 5.5512, -1.3233 -0.7449 5.5512, -1.4801 -0.6464 5.5512, -1.9489 -1.1015 5.5512, -1.611 -0.5155 5.5512, -1.7095 -0.3587 5.5512, -0.1586 -0.184 5.5512, -0.7806 -0.806 5.5512, -0.9646 -0.8268 5.5512, -1.1486 -0.806 5.5512, -0.6059 0.7449 5.5512, -0.4491 0.6464 5.5512, -1.7707 -0.184 5.5512, -1.7914 -0.0 5.5512, -1.9489 1.0998 5.5512, -1.7707 0.184 5.5512, -1.7095 0.3587 5.5512, -0.3182 0.5155 5.5512, -0.2197 0.3587 5.5512, -1.611 0.5155 5.5512, -1.4801 0.6464 5.5512, -1.3233 0.7449 5.5512, -1.1486 0.806 5.5512, -0.9646 0.8268 5.5512, -0.7806 0.806 5.5512, -1.9489 -1.1774 5.4935, -1.9489 -1.8701 2.9921, -0.4725 2.0669 1.8898, -0.4725 1.5945 3.8001, -1.4567 2.0669 1.8898, -1.9489 2.0669 1.8898, -1.4567 1.5945 3.8001, -1.9489 1.1762 5.4913, -1.9489 -1.921 2.9854, -1.9489 -1.9685 2.9658, -1.9489 -2.0093 2.9345, -1.9489 -2.0406 2.8937, -1.9489 -2.0602 2.8462, -0.4725 1.5945 2.4803, -0.4725 1.9882 1.8898, -0.4725 1.3976 1.8898, -0.4725 1.9882 1.6929, -0.4725 1.1614 1.8898, -0.4725 1.1614 1.6929, -1.4567 1.5945 2.4803, -1.4567 1.1614 1.8898, -1.4567 1.1614 1.6929, -1.4567 1.3976 1.8898, -1.4567 1.9882 1.6929, -1.4567 1.9882 1.8898, -0.9971 2.0669 1.8898, -0.4725 -1.6732 2.1654, -0.4725 -1.8701 2.1654, -1.4567 -1.6732 2.1654, -1.4567 -1.8701 2.1654, -0.4725 -1.8701 0.7874, -1.4567 -1.8701 0.7874, -0.1378 -0.0 5.1575, -0.1586 0.184 5.1575, -0.2197 0.3587 5.1575, -0.3182 0.5155 5.1575, -0.4491 0.6464 5.1575, -0.6059 0.7449 5.1575, -0.7806 0.806 5.1575, -0.9646 0.8268 5.1575, -1.1486 0.806 5.1575, -1.3233 0.7449 5.1575, -1.4801 0.6464 5.1575, -1.611 0.5155 5.1575, -1.7095 0.3587 5.1575, -1.7707 0.184 5.1575, -1.7914 -0.0 5.1575, -1.7707 -0.184 5.1575, -1.7095 -0.3587 5.1575, -1.611 -0.5155 5.1575, -1.4801 -0.6464 5.1575, -1.3233 -0.7449 5.1575, -1.1486 -0.806 5.1575, -0.9646 -0.8268 5.1575, -0.7806 -0.806 5.1575, -0.6059 -0.7449 5.1575, -0.4491 -0.6464 5.1575, -0.3182 -0.5155 5.1575, -0.2197 -0.3587 5.1575, -0.1586 -0.184 5.1575, -1.4556 0.6156 5.1575, -1.5802 0.4909 5.1575, -1.674 0.3416 5.1575, -1.7323 0.1752 5.1575, -1.752 -0.0 5.1575, -1.7323 -0.1752 5.1575, -1.674 -0.3416 5.1575, -1.5802 -0.4909 5.1575, -1.4556 -0.6156 5.1575, -1.3063 -0.7094 5.1575, -1.1398 -0.7677 5.1575, -0.9646 -0.7874 5.1575, -0.7894 -0.7677 5.1575, -0.623 -0.7094 5.1575, -0.4737 -0.6156 5.1575, -0.349 -0.4909 5.1575, -0.2552 -0.3416 5.1575, -0.197 -0.1752 5.1575, -0.1772 -0.0 5.1575, -0.197 0.1752 5.1575, -0.2552 0.3416 5.1575, -0.349 0.4909 5.1575, -0.4737 0.6156 5.1575, -0.623 0.7094 5.1575, -0.7894 0.7677 5.1575, -0.9646 0.7874 5.1575, -1.1398 0.7677 5.1575, -1.3063 0.7094 5.1575
            ]
        }
        coordIndex [
            0,1,2,-1,2,1,3,-1,4,5,6,-1,7,8,9,-1,9,8,10,-1,11,12,3,-1,3,12,13,-1,3,13,14,-1,15,16,6,-1,6,16,7,-1,14,17,3,-1,3,17,18,-1,3,18,2,-1,7,9,6,-1,6,9,19,-1,6,19,20,-1,5,21,22,-1,22,21,23,-1,6,5,3,-1,3,5,22,-1,3,22,11,-1,10,8,24,-1,24,8,25,-1,24,25,26,-1,20,27,6,-1,6,27,28,-1,6,28,4,-1,23,29,22,-1,22,29,30,-1,22,30,31,-1,32,2,33,-1,33,2,34,-1,33,34,35,-1,35,34,36,-1,35,36,37,-1,37,36,0,-1,37,0,32,-1,32,0,2,-1,38,39,5,-1,40,41,21,-1,21,41,42,-1,21,42,43,-1,44,45,46,-1,46,45,47,-1,46,47,48,-1,5,39,21,-1,21,39,49,-1,21,49,40,-1,43,50,21,-1,21,50,51,-1,21,51,46,-1,46,51,52,-1,46,52,44,-1,5,53,54,-1,48,55,46,-1,46,55,56,-1,46,56,57,-1,57,56,58,-1,57,58,59,-1,54,60,5,-1,5,60,61,-1,5,61,38,-1,59,62,57,-1,57,62,63,-1,57,63,64,-1,64,65,57,-1,57,65,66,-1,57,66,5,-1,5,66,67,-1,5,67,53,-1,68,69,22,-1,22,69,11,-1,10,70,71,-1,72,73,74,-1,74,73,75,-1,74,75,71,-1,71,75,9,-1,71,9,10,-1,11,69,76,-1,11,76,12,-1,12,76,77,-1,12,77,13,-1,13,77,78,-1,13,78,14,-1,14,78,79,-1,14,79,17,-1,17,79,80,-1,17,80,18,-1,18,80,34,-1,18,34,2,-1,71,70,81,-1,81,70,82,-1,81,82,83,-1,83,82,84,-1,83,84,85,-1,85,84,86,-1,87,74,81,-1,81,74,71,-1,88,89,90,-1,90,89,91,-1,90,91,87,-1,87,91,92,-1,87,92,74,-1,74,92,72,-1,72,92,93,-1,93,92,82,-1,93,82,70,-1,83,85,90,-1,90,85,88,-1,86,89,85,-1,85,89,88,-1,91,84,92,-1,92,84,82,-1,91,89,84,-1,84,89,86,-1,81,83,87,-1,87,83,90,-1,94,95,96,-1,96,95,97,-1,32,33,95,-1,95,33,97,-1,37,32,98,-1,98,32,95,-1,35,99,33,-1,33,99,97,-1,37,98,35,-1,35,98,99,-1,100,39,101,-1,101,39,38,-1,101,38,102,-1,102,38,61,-1,102,61,103,-1,103,61,60,-1,103,60,104,-1,104,60,54,-1,104,54,105,-1,105,54,53,-1,105,53,106,-1,106,53,67,-1,106,67,107,-1,107,67,66,-1,107,66,108,-1,108,66,65,-1,108,65,109,-1,109,65,64,-1,109,64,110,-1,110,64,63,-1,110,63,111,-1,111,63,62,-1,111,62,112,-1,112,62,59,-1,112,59,113,-1,113,59,58,-1,113,58,114,-1,114,58,56,-1,114,56,115,-1,115,56,55,-1,115,55,116,-1,116,55,48,-1,116,48,117,-1,117,48,47,-1,117,47,118,-1,118,47,45,-1,118,45,119,-1,119,45,44,-1,119,44,120,-1,120,44,52,-1,120,52,121,-1,121,52,51,-1,121,51,122,-1,122,51,50,-1,122,50,123,-1,123,50,43,-1,123,43,124,-1,124,43,42,-1,124,42,125,-1,125,42,41,-1,125,41,126,-1,126,41,40,-1,126,40,127,-1,127,40,49,-1,127,49,100,-1,100,49,39,-1,128,110,129,-1,129,110,111,-1,129,111,130,-1,130,111,112,-1,130,112,131,-1,131,112,113,-1,131,113,132,-1,132,113,114,-1,132,114,133,-1,133,114,115,-1,133,115,134,-1,134,115,116,-1,134,116,135,-1,135,116,117,-1,135,117,136,-1,136,117,118,-1,136,118,137,-1,137,118,119,-1,137,119,138,-1,138,119,120,-1,138,120,139,-1,139,120,121,-1,139,121,140,-1,140,121,122,-1,140,122,141,-1,141,122,123,-1,141,123,142,-1,142,123,124,-1,142,124,143,-1,143,124,125,-1,143,125,144,-1,144,125,126,-1,144,126,145,-1,145,126,127,-1,145,127,146,-1,146,127,100,-1,146,100,147,-1,147,100,101,-1,147,101,148,-1,148,101,102,-1,148,102,149,-1,149,102,103,-1,149,103,150,-1,150,103,104,-1,150,104,151,-1,151,104,105,-1,151,105,152,-1,152,105,106,-1,152,106,153,-1,153,106,107,-1,153,107,154,-1,154,107,108,-1,154,108,155,-1,155,108,109,-1,155,109,128,-1,128,109,110,-1,
        ]
    }
}
Shape{
    appearance Appearance {
        material  Material 	{
            diffuseColor 0.7686274509803922 0.7686274509803922 0.7686274509803922
            specularColor 0.615686274509804 0.615686274509804 0.615686274509804
            ambientIntensity 0.7686
            transparency 0.0
            shininess 0.5
        }
    }
    geometry IndexedFaceSet {
        ccw TRUE
        solid FALSE
        coord DEF co Coordinate {
            point [
                -0.1834 -0.0984 5.315, -0.197 -0.1752 5.1575, -0.1772 -0.0 5.315, -0.1772 -0.0 5.1575, -0.1834 0.0984 5.315, -0.197 0.1752 5.1575, -0.1834 0.0984 5.3937, -0.1987 0.1749 5.3937, -1.7458 0.0984 5.3937, -1.7305 0.1749 5.3937, -1.7458 0.0984 5.315, -1.7323 0.1752 5.1575, -1.752 -0.0 5.315, -1.752 -0.0 5.1575, -1.7458 -0.0984 5.315, -1.7323 -0.1752 5.1575, -1.7458 -0.0984 5.3937, -1.7305 -0.1749 5.3937, -1.674 -0.3416 5.1575, -1.6793 -0.3304 5.3937, -1.7234 -0.2104 5.3937, -1.5802 -0.4909 5.1575, -1.6164 -0.4417 5.3937, -1.6733 -0.3412 5.3937, -1.4556 -0.6156 5.1575, -1.5364 -0.5414 5.3937, -1.5782 -0.4893 5.3937, -1.3055 -0.7077 5.3937, -1.3335 -0.6956 5.3937, -1.3063 -0.7094 5.1575, -1.4412 -0.6268 5.3937, -1.4547 -0.6147 5.3937, -1.2161 -0.7462 5.3937, -1.1398 -0.7677 5.1575, -1.1392 -0.7653 5.3937, -1.092 -0.777 5.3937, -0.9646 -0.7874 5.1575, -0.9646 -0.7874 5.3937, -0.8372 -0.777 5.3937, -0.7894 -0.7677 5.1575, -0.79 -0.7653 5.3937, -0.7131 -0.7462 5.3937, -0.623 -0.7094 5.1575, -0.6237 -0.7077 5.3937, -0.5957 -0.6956 5.3937, -0.4737 -0.6156 5.1575, -0.488 -0.6268 5.3937, -0.349 -0.4909 5.1575, -0.3929 -0.5414 5.3937, -0.4745 -0.6147 5.3937, -0.2499 -0.3304 5.3937, -0.256 -0.3412 5.3937, -0.2552 -0.3416 5.1575, -0.3128 -0.4417 5.3937, -0.351 -0.4893 5.3937, -0.2059 -0.2104 5.3937, -0.1987 -0.1749 5.3937, -0.1834 -0.0984 5.3937, -0.2059 0.2104 5.3937, -0.2552 0.3416 5.1575, -0.2499 0.3304 5.3937, -0.349 0.4909 5.1575, -0.3128 0.4417 5.3937, -0.256 0.3412 5.3937, -0.4737 0.6156 5.1575, -0.3929 0.5414 5.3937, -0.351 0.4893 5.3937, -0.6237 0.7077 5.3937, -0.5957 0.6956 5.3937, -0.623 0.7094 5.1575, -0.488 0.6268 5.3937, -0.4745 0.6147 5.3937, -0.7131 0.7462 5.3937, -0.7894 0.7677 5.1575, -0.79 0.7653 5.3937, -0.8372 0.777 5.3937, -0.9646 0.7874 5.1575, -0.9646 0.7874 5.3937, -1.092 0.777 5.3937, -1.1398 0.7677 5.1575, -1.1392 0.7653 5.3937, -1.2161 0.7462 5.3937, -1.3063 0.7094 5.1575, -1.3055 0.7077 5.3937, -1.3335 0.6956 5.3937, -1.4556 0.6156 5.1575, -1.4412 0.6268 5.3937, -1.5802 0.4909 5.1575, -1.5364 0.5414 5.3937, -1.4547 0.6147 5.3937, -1.674 0.3416 5.1575, -1.6164 0.4417 5.3937, -1.5782 0.4893 5.3937, -1.7234 0.2104 5.3937, -1.6793 0.3304 5.3937, -1.6733 0.3412 5.3937, -1.6079 0.2974 5.4724, -1.6475 0.1894 5.4724, -0.2817 0.1894 5.4724, -1.6664 0.0984 5.4724, -0.2628 0.0984 5.4724, -0.45 0.4872 5.4724, -0.5357 0.5641 5.4724, -1.5513 0.3976 5.4724, -0.378 0.3976 5.4724, -0.3214 0.2974 5.4724, -0.6326 0.6261 5.4724, -0.7383 0.6715 5.4724, -0.8499 0.6993 5.4724, -0.9646 0.7087 5.4724, -1.0793 0.6993 5.4724, -1.1909 0.6715 5.4724, -1.2966 0.6261 5.4724, -1.3936 0.5641 5.4724, -1.4792 0.4872 5.4724, -0.315 0.4402 5.4141, -0.3948 0.5395 5.4141, -0.714 0.7436 5.4141, -1.2152 0.7436 5.4141, -0.214 0.0984 5.4558, -0.207 0.0984 5.449, -0.2281 0.2043 5.4494, -0.2084 0.2097 5.4141, -0.1856 0.0984 5.4123, -0.1834 0.0984 5.3939, -0.1961 0.0984 5.4365, -0.1944 0.0984 5.4329, -0.216 0.2076 5.4331, -0.1879 0.0984 5.4198, -0.1862 0.0984 5.4141, -0.2007 0.0984 5.4427, -0.2204 0.0984 5.4603, -0.2438 0.1999 5.4619, -0.2232 0.0984 5.4616, -0.2374 0.0984 5.4683, -0.2621 0.1948 5.4698, -0.2423 0.0984 5.4697, -0.2449 0.0984 5.4704, -1.6681 0.0984 5.4724, -1.6671 0.1948 5.4698, -1.6868 0.0984 5.4698, -1.6854 0.1999 5.4619, -1.6946 0.0984 5.4673, -1.687 0.0984 5.4698, -1.7222 0.0984 5.449, -1.7178 0.0984 5.4538, -1.7012 0.2043 5.4494, -1.7113 0.0984 5.4587, -1.7059 0.0984 5.4615, -1.7306 0.0984 5.4402, -1.7132 0.2076 5.4331, -1.735 0.0984 5.4334, -1.7419 0.0984 5.4182, -1.7208 0.2097 5.4141, -1.7428 0.0984 5.414, -1.7456 0.0984 5.4001, -1.6264 0.3059 5.4698, -1.5681 0.409 5.4698, -1.6436 0.3139 5.4619, -1.5839 0.4196 5.4619, -1.6584 0.3207 5.4494, -1.5974 0.4288 5.4494, -1.6698 0.326 5.4331, -1.6077 0.4358 5.4331, -1.6769 0.3293 5.4141, -1.6142 0.4402 5.4141, -1.3062 0.6441 5.4698, -1.1975 0.6909 5.4698, -1.3151 0.6609 5.4619, -1.2035 0.7089 5.4619, -1.3227 0.6753 5.4494, -1.2087 0.7243 5.4494, -1.3286 0.6863 5.4331, -1.2127 0.7362 5.4331, -1.3323 0.6933 5.4141, -0.8466 0.7194 5.4698, -0.7318 0.6909 5.4698, -0.8436 0.7382 5.4619, -0.7257 0.7089 5.4619, -0.8409 0.7543 5.4494, -0.7205 0.7243 5.4494, -0.8389 0.7666 5.4331, -0.7165 0.7362 5.4331, -0.8376 0.7744 5.4141, -0.5233 0.5803 5.4698, -0.4352 0.5013 5.4698, -0.5118 0.5954 5.4619, -0.4215 0.5143 5.4619, -0.502 0.6084 5.4494, -0.4096 0.5255 5.4494, -0.4944 0.6184 5.4331, -0.4005 0.5341 5.4331, -0.4896 0.6246 5.4141, -1.5344 0.5395 5.4141, -1.5287 0.5341 5.4331, -1.5196 0.5255 5.4494, -1.5078 0.5143 5.4619, -1.494 0.5013 5.4698, -1.4396 0.6246 5.4141, -1.4348 0.6184 5.4331, -1.4273 0.6084 5.4494, -1.4174 0.5954 5.4619, -1.4059 0.5803 5.4698, -1.0916 0.7744 5.4141, -1.0903 0.7666 5.4331, -1.0883 0.7543 5.4494, -1.0857 0.7382 5.4619, -1.0826 0.7194 5.4698, -0.9646 0.729 5.4698, -0.9646 0.748 5.4619, -0.9646 0.7643 5.4494, -0.9646 0.7769 5.4331, -0.9646 0.7847 5.4141, -0.597 0.6933 5.4141, -0.6007 0.6863 5.4331, -0.6065 0.6753 5.4494, -0.6142 0.6609 5.4619, -0.6231 0.6441 5.4698, -0.3215 0.4358 5.4331, -0.3319 0.4288 5.4494, -0.3454 0.4196 5.4619, -0.3611 0.409 5.4698, -0.2523 0.3293 5.4141, -0.2595 0.326 5.4331, -0.2708 0.3207 5.4494, -0.2856 0.3139 5.4619, -0.3029 0.3059 5.4698, -1.7434 -0.0984 5.4111, -1.7419 -0.0984 5.4182, -1.7375 -0.0984 5.4276, -1.7454 -0.0984 5.4023, -1.7341 -0.0984 5.435, -1.7296 -0.0984 5.4415, -0.2008 -0.0984 5.4427, -0.2286 -0.0984 5.4642, -0.2128 -0.0984 5.4548, -0.2194 -0.0984 5.4596, -0.1854 -0.0984 5.4112, -0.1873 -0.0984 5.418, -0.1917 -0.0984 5.4276, -0.1852 -0.0984 5.4102, -1.7165 -0.0984 5.4549, -1.7159 -0.0984 5.4552, -1.7102 -0.0984 5.4594, -0.2452 -0.0984 5.4703, -0.244 -0.0984 5.4702, -0.2363 -0.0984 5.4679, -0.1997 -0.0984 5.4415, -0.1951 -0.0984 5.4348, -1.7006 -0.0984 5.4642, -1.6933 -0.0984 5.4678, -1.6858 -0.0984 5.4701, -1.6841 -0.0984 5.4703, -1.6664 -0.0984 5.4724, -0.2628 -0.0984 5.4724
            ]
        }
        coordIndex [
            0,1,2,-1,2,1,3,-1,2,3,4,-1,4,3,5,-1,4,5,6,-1,6,5,7,-1,8,9,10,-1,10,9,11,-1,10,11,12,-1,12,11,13,-1,12,13,14,-1,14,13,15,-1,14,15,16,-1,16,15,17,-1,18,19,15,-1,15,19,20,-1,15,20,17,-1,21,22,18,-1,18,22,23,-1,18,23,19,-1,24,25,21,-1,21,25,26,-1,21,26,22,-1,27,28,29,-1,29,28,30,-1,29,30,24,-1,24,30,31,-1,24,31,25,-1,27,29,32,-1,32,29,33,-1,32,33,34,-1,34,33,35,-1,35,33,36,-1,35,36,37,-1,37,36,38,-1,38,36,39,-1,38,39,40,-1,40,39,41,-1,41,39,42,-1,41,42,43,-1,43,42,44,-1,44,42,45,-1,44,45,46,-1,47,48,45,-1,45,48,49,-1,45,49,46,-1,50,51,52,-1,52,51,53,-1,52,53,47,-1,47,53,54,-1,47,54,48,-1,50,52,55,-1,55,52,1,-1,55,1,56,-1,56,1,0,-1,56,0,57,-1,7,5,58,-1,58,5,59,-1,58,59,60,-1,61,62,59,-1,59,62,63,-1,59,63,60,-1,64,65,61,-1,61,65,66,-1,61,66,62,-1,67,68,69,-1,69,68,70,-1,69,70,64,-1,64,70,71,-1,64,71,65,-1,67,69,72,-1,72,69,73,-1,72,73,74,-1,74,73,75,-1,75,73,76,-1,75,76,77,-1,77,76,78,-1,78,76,79,-1,78,79,80,-1,80,79,81,-1,81,79,82,-1,81,82,83,-1,83,82,84,-1,84,82,85,-1,84,85,86,-1,87,88,85,-1,85,88,89,-1,85,89,86,-1,90,91,87,-1,87,91,92,-1,87,92,88,-1,9,93,11,-1,11,93,94,-1,11,94,90,-1,90,94,95,-1,90,95,91,-1,96,97,98,-1,98,97,99,-1,98,99,100,-1,101,102,103,-1,101,103,104,-1,96,98,103,-1,103,98,105,-1,103,105,104,-1,102,106,103,-1,103,106,107,-1,103,107,108,-1,108,109,103,-1,103,109,110,-1,103,110,111,-1,111,112,103,-1,103,112,113,-1,103,113,114,-1,63,62,115,-1,66,65,116,-1,67,72,117,-1,80,81,118,-1,119,120,121,-1,7,58,122,-1,122,123,7,-1,7,123,124,-1,7,124,6,-1,125,126,127,-1,127,126,128,-1,127,128,122,-1,122,128,129,-1,122,129,123,-1,121,120,127,-1,127,120,130,-1,127,130,125,-1,119,121,131,-1,131,121,132,-1,131,132,133,-1,133,132,134,-1,134,132,135,-1,134,135,136,-1,136,135,137,-1,137,135,98,-1,137,98,100,-1,99,97,138,-1,138,97,139,-1,138,139,140,-1,141,142,139,-1,139,142,143,-1,139,143,140,-1,144,145,146,-1,146,145,147,-1,146,147,141,-1,141,147,148,-1,141,148,142,-1,144,146,149,-1,149,146,150,-1,149,150,151,-1,151,150,152,-1,152,150,153,-1,152,153,154,-1,153,93,9,-1,154,153,155,-1,155,153,9,-1,155,9,8,-1,96,103,156,-1,156,103,157,-1,156,157,158,-1,158,157,159,-1,158,159,160,-1,160,159,161,-1,160,161,162,-1,162,161,163,-1,162,163,164,-1,164,163,165,-1,112,111,166,-1,166,111,167,-1,166,167,168,-1,168,167,169,-1,168,169,170,-1,170,169,171,-1,170,171,172,-1,172,171,173,-1,172,173,174,-1,174,173,118,-1,108,107,175,-1,175,107,176,-1,175,176,177,-1,177,176,178,-1,177,178,179,-1,179,178,180,-1,179,180,181,-1,181,180,182,-1,181,182,183,-1,183,182,117,-1,102,101,184,-1,184,101,185,-1,184,185,186,-1,186,185,187,-1,186,187,188,-1,188,187,189,-1,188,189,190,-1,190,189,191,-1,190,191,192,-1,192,191,116,-1,97,96,139,-1,139,96,156,-1,139,156,141,-1,141,156,158,-1,141,158,146,-1,146,158,160,-1,146,160,150,-1,150,160,162,-1,150,162,153,-1,153,162,164,-1,153,164,93,-1,93,164,94,-1,89,88,193,-1,193,88,165,-1,193,165,194,-1,194,165,163,-1,194,163,195,-1,195,163,161,-1,195,161,196,-1,196,161,159,-1,196,159,197,-1,197,159,157,-1,197,157,114,-1,114,157,103,-1,88,92,165,-1,165,92,91,-1,165,91,164,-1,164,91,95,-1,164,95,94,-1,86,89,198,-1,198,89,193,-1,198,193,199,-1,199,193,194,-1,199,194,200,-1,200,194,195,-1,200,195,201,-1,201,195,196,-1,201,196,202,-1,202,196,197,-1,202,197,113,-1,113,197,114,-1,113,112,202,-1,202,112,166,-1,202,166,201,-1,201,166,168,-1,201,168,200,-1,200,168,170,-1,200,170,199,-1,199,170,172,-1,199,172,198,-1,198,172,174,-1,198,174,86,-1,86,174,84,-1,118,81,174,-1,174,81,83,-1,174,83,84,-1,78,80,203,-1,203,80,118,-1,203,118,204,-1,204,118,173,-1,204,173,205,-1,205,173,171,-1,205,171,206,-1,206,171,169,-1,206,169,207,-1,207,169,167,-1,207,167,110,-1,110,167,111,-1,110,109,207,-1,207,109,208,-1,207,208,206,-1,206,208,209,-1,206,209,205,-1,205,209,210,-1,205,210,204,-1,204,210,211,-1,204,211,203,-1,203,211,212,-1,203,212,78,-1,78,212,77,-1,109,108,208,-1,208,108,175,-1,208,175,209,-1,209,175,177,-1,209,177,210,-1,210,177,179,-1,210,179,211,-1,211,179,181,-1,211,181,212,-1,212,181,183,-1,212,183,77,-1,77,183,75,-1,117,72,183,-1,183,72,74,-1,183,74,75,-1,68,67,213,-1,213,67,117,-1,213,117,214,-1,214,117,182,-1,214,182,215,-1,215,182,180,-1,215,180,216,-1,216,180,178,-1,216,178,217,-1,217,178,176,-1,217,176,106,-1,106,176,107,-1,106,102,217,-1,217,102,184,-1,217,184,216,-1,216,184,186,-1,216,186,215,-1,215,186,188,-1,215,188,214,-1,214,188,190,-1,214,190,213,-1,213,190,192,-1,213,192,68,-1,68,192,70,-1,116,65,192,-1,192,65,71,-1,192,71,70,-1,62,66,115,-1,115,66,116,-1,115,116,218,-1,218,116,191,-1,218,191,219,-1,219,191,189,-1,219,189,220,-1,220,189,187,-1,220,187,221,-1,221,187,185,-1,221,185,104,-1,104,185,101,-1,60,63,222,-1,222,63,115,-1,222,115,223,-1,223,115,218,-1,223,218,224,-1,224,218,219,-1,224,219,225,-1,225,219,220,-1,225,220,226,-1,226,220,221,-1,226,221,105,-1,105,221,104,-1,105,98,226,-1,226,98,135,-1,226,135,225,-1,225,135,132,-1,225,132,224,-1,224,132,121,-1,224,121,223,-1,223,121,127,-1,223,127,222,-1,222,127,122,-1,222,122,60,-1,60,122,58,-1,14,0,12,-1,12,0,2,-1,12,2,10,-1,10,2,4,-1,227,228,229,-1,230,227,16,-1,16,227,14,-1,227,229,14,-1,14,229,231,-1,14,231,232,-1,233,234,235,-1,235,234,236,-1,237,14,238,-1,238,14,239,-1,237,240,14,-1,14,240,57,-1,14,57,0,-1,232,241,14,-1,14,241,242,-1,14,242,243,-1,244,245,233,-1,233,245,246,-1,233,246,234,-1,233,247,14,-1,14,247,248,-1,14,248,239,-1,243,249,14,-1,14,249,250,-1,14,250,251,-1,251,252,14,-1,14,252,253,-1,14,253,233,-1,233,253,254,-1,233,254,244,-1,8,10,148,-1,148,10,142,-1,128,126,10,-1,4,6,10,-1,10,6,124,-1,124,123,10,-1,10,123,129,-1,10,129,128,-1,144,149,151,-1,136,126,125,-1,147,154,148,-1,148,154,155,-1,148,155,8,-1,147,145,154,-1,154,145,144,-1,154,144,152,-1,152,144,151,-1,131,133,119,-1,119,133,120,-1,125,130,136,-1,136,130,120,-1,136,120,134,-1,134,120,133,-1,136,137,126,-1,126,137,100,-1,126,100,10,-1,10,100,99,-1,10,99,138,-1,138,140,10,-1,10,140,143,-1,10,143,142,-1,
        ]
    }
}
Shape{
    appearance Appearance {
        material  Material 	{
            diffuseColor 1.0 1.0 1.0
            specularColor 0.8784313725490196 0.8784313725490196 0.8784313725490196
            ambientIntensity 1.0
            transparency 0.0
            shininess 0.5
        }
    }
    geometry IndexedFaceSet {
        ccw TRUE
        solid FALSE
        coord DEF co Coordinate {
            point [
                -1.4567 -1.2795 1.6607, -1.4567 -0.0984 1.6607, -0.4725 -1.2795 1.6607, -0.4725 -0.0984 1.6607, -0.4725 -1.6732 2.0544, -0.4725 -1.6732 2.1654, -1.4567 -1.6732 2.0544, -1.4567 -1.6732 2.1654, -0.4725 -1.5551 0.9055, -0.4725 -0.0984 0.9055, -1.4567 -1.5551 0.9055, -1.4567 -0.0984 0.9055, -1.4567 -1.5857 0.9015, -0.4725 -1.5857 0.9015, -1.4567 -1.6142 0.8897, -0.4725 -1.6142 0.8897, -1.4567 -1.6386 0.8709, -0.4725 -1.6386 0.8709, -1.4567 -1.6574 0.8465, -0.4725 -1.6574 0.8465, -1.4567 -1.6692 0.818, -0.4725 -1.6692 0.818, -1.4567 -1.6732 0.7874, -0.4725 -1.6732 0.7874, -1.4567 -1.6598 1.9525, -0.4725 -1.6598 1.9525, -1.4567 -1.6205 1.8575, -0.4725 -1.6205 1.8575, -1.4567 -1.5579 1.776, -0.4725 -1.5579 1.776, -1.4567 -1.4764 1.7134, -0.4725 -1.4764 1.7134, -1.4567 -1.3814 1.6741, -0.4725 -1.3814 1.6741
            ]
        }
        coordIndex [
            0,1,2,-1,2,1,3,-1,4,5,6,-1,6,5,7,-1,8,9,10,-1,10,9,11,-1,8,10,12,-1,8,12,13,-1,13,12,14,-1,13,14,15,-1,15,14,16,-1,15,16,17,-1,17,16,18,-1,17,18,19,-1,19,18,20,-1,19,20,21,-1,21,20,22,-1,21,22,23,-1,4,6,24,-1,4,24,25,-1,25,24,26,-1,25,26,27,-1,27,26,28,-1,27,28,29,-1,29,28,30,-1,29,30,31,-1,31,30,32,-1,31,32,33,-1,33,32,0,-1,33,0,2,-1,
        ]
    }
}
Shape{
    appearance Appearance {
        material  Material 	{
            diffuseColor 0.22745098039215686 0.5372549019607843 0.26666666666666666
            specularColor 0.11372549019607843 0.26666666666666666 0.13333333333333333
            ambientIntensity 0.4138
            transparency 0.0
            shininess 0.5
        }
    }
    geometry IndexedFaceSet {
        ccw TRUE
        solid FALSE
        coord DEF co Coordinate {
            point [
                0.0196 -1.3713 2.7559, -0.1772 -1.2795 2.7559, 0.0196 -1.3713 0.0, -0.1772 -1.2795 0.0, -0.1772 -1.6732 2.7559, -0.1772 -1.6732 0.0, 0.0196 -1.5814 2.7559, 0.0196 -1.5814 0.0, 0.0196 1.3846 2.7559, -0.1772 1.4764 2.7559, 0.0196 1.3846 0.0, -0.1772 1.4764 0.0, -0.1772 1.0827 2.7559, -0.1772 1.0827 0.0, 0.0196 1.1745 2.7559, 0.0196 1.1745 0.0, -2.1456 -1.2795 2.7559, -1.9489 -1.3713 2.7559, -2.1456 -1.2795 0.0, -1.9489 -1.3713 0.0, -2.1456 -1.6732 2.7559, -2.1456 -1.6732 0.0, -1.9489 -1.5815 2.7559, -1.9489 -1.5815 0.0, -2.1456 1.4764 2.7559, -1.9489 1.3846 2.7559, -2.1456 1.4764 0.0, -1.9489 1.3846 0.0, -2.1456 1.0827 2.7559, -2.1456 1.0827 0.0, -1.9489 1.1744 2.7559, -1.9489 1.1744 0.0
            ]
        }
        coordIndex [
            0,1,2,-1,2,1,3,-1,1,4,3,-1,3,4,5,-1,4,6,5,-1,5,6,7,-1,4,1,6,-1,6,1,0,-1,8,9,10,-1,10,9,11,-1,9,12,11,-1,11,12,13,-1,12,14,13,-1,13,14,15,-1,12,9,14,-1,14,9,8,-1,16,17,18,-1,18,17,19,-1,20,16,21,-1,21,16,18,-1,22,20,23,-1,23,20,21,-1,20,22,16,-1,16,22,17,-1,24,25,26,-1,26,25,27,-1,28,24,29,-1,29,24,26,-1,30,28,31,-1,31,28,29,-1,28,30,24,-1,24,30,25,-1,
        ]
    }
}
Shape{
    appearance Appearance {
        material  Material 	{
            diffuseColor 0.7686274509803922 0.7686274509803922 0.7686274509803922
            specularColor 0.615686274509804 0.615686274509804 0.615686274509804
            ambientIntensity 0.7686
            transparency 0.0
            shininess 0.5
        }
    }
    geometry IndexedFaceSet {
        ccw TRUE
        solid FALSE
        coord DEF co Coordinate {
            point [
                -1.1418 -0.1378 -1.2598, -1.1418 -0.1378 0.0, -1.1418 0.1772 -1.2598, -1.1418 0.1772 0.0, -0.9021 0.1772 -1.5748, -1.0271 0.1772 -1.5748, -0.7875 0.1772 -1.2598, -0.7875 0.1772 0.0, -0.7875 -0.1378 -1.2598, -0.7875 -0.1378 0.0, -0.9021 -0.1378 -1.5748, -1.0271 -0.1378 -1.5748
            ]
        }
        coordIndex [
            0,1,2,-1,2,1,3,-1,4,5,6,-1,6,5,2,-1,6,2,7,-1,7,2,3,-1,6,7,8,-1,8,7,9,-1,9,1,8,-1,8,1,0,-1,8,0,10,-1,10,0,11,-1,10,11,4,-1,4,11,5,-1,8,10,6,-1,6,10,4,-1,2,5,0,-1,0,5,11,-1,
        ]
    }
}
Shape{
    appearance Appearance {
        material  Material 	{
            diffuseColor 0.22745098039215686 0.5372549019607843 0.26666666666666666
            specularColor 0.11372549019607843 0.26666666666666666 0.13333333333333333
            ambientIntensity 0.4138
            transparency 0.0
            shininess 0.5
        }
    }
    geometry IndexedFaceSet {
        ccw TRUE
        solid FALSE
        coord DEF co Coordinate {
            point [
                -1.9489 1.0998 5.5512, 0.0196 1.0998 5.5512, 0.0196 1.1171 5.5493, -1.9489 1.1171 5.5493, 0.0196 1.1335 5.5436, -1.9489 1.1335 5.5436, 0.0196 1.1483 5.5344, -1.9489 1.1483 5.5344, 0.0196 1.1607 5.5223, -1.9489 1.1607 5.5223, 0.0196 1.1702 5.5077, -1.9489 1.1702 5.5077, 0.0196 1.1762 5.4913, -1.9489 1.1762 5.4913, -1.9489 -1.1774 5.4935, 0.0196 -1.1774 5.4935, 0.0196 -1.1694 5.5123, -1.9489 -1.1694 5.5123, 0.0196 -1.1569 5.5284, -1.9489 -1.1569 5.5284, 0.0196 -1.1407 5.5408, -1.9489 -1.1407 5.5408, 0.0196 -1.1218 5.5485, -1.9489 -1.1218 5.5485, 0.0196 -1.1015 5.5512, -1.9489 -1.1015 5.5512
            ]
        }
        coordIndex [
            0,1,2,-1,0,2,3,-1,3,2,4,-1,3,4,5,-1,5,4,6,-1,5,6,7,-1,7,6,8,-1,7,8,9,-1,9,8,10,-1,9,10,11,-1,11,10,12,-1,11,12,13,-1,14,15,16,-1,14,16,17,-1,17,16,18,-1,17,18,19,-1,19,18,20,-1,19,20,21,-1,21,20,22,-1,21,22,23,-1,23,22,24,-1,23,24,25,-1,
        ]
    }
}
Shape{
    appearance Appearance {
        material  Material 	{
            diffuseColor 1.0 1.0 1.0
            specularColor 0.8784313725490196 0.8784313725490196 0.8784313725490196
            ambientIntensity 1.0
            transparency 0.0
            shininess 0.5
        }
    }
    geometry IndexedFaceSet {
        ccw TRUE
        solid FALSE
        coord DEF co Coordinate {
            point [
                -1.4657 2.063 1.1367, -1.5886 2.063 0.8218, -1.4657 2.0669 1.1367, -1.5886 2.0669 0.8218, -1.5425 2.063 0.8218, -1.5425 2.0669 0.8218, -1.5107 2.063 0.9101, -1.5107 2.0669 0.9101, -1.3806 2.063 0.9101, -1.3806 2.0669 0.9101, -1.3505 2.063 0.8218, -1.3505 2.0669 0.8218, -1.3044 2.063 0.8218, -1.3044 2.0669 0.8218, -1.4235 2.063 1.1367, -1.4235 2.0669 1.1367, -1.3912 2.063 0.9447, -1.4382 2.063 1.0762, -1.4412 2.063 1.0871, -1.4432 2.063 1.0983, -1.4442 2.063 1.0983, -1.4463 2.063 1.0872, -1.4491 2.063 1.0762, -1.4965 2.063 0.9447, -1.3912 2.0669 0.9447, -1.4965 2.0669 0.9447, -1.4382 2.0669 1.0762, -1.4412 2.0669 1.0871, -1.4432 2.0669 1.0983, -1.4442 2.0669 1.0983, -1.4463 2.0669 1.0872, -1.4491 2.0669 1.0762, -1.1135 2.063 0.8218, -1.0279 2.063 0.8218, -1.1135 2.0669 0.8218, -1.0279 2.0669 0.8218, -1.0279 2.063 1.1367, -1.0279 2.0669 1.1367, -1.1167 2.063 1.1367, -1.1167 2.0669 1.1367, -1.2814 2.063 0.9832, -1.2814 2.0669 0.9832, -1.2791 2.0669 1.0128, -1.2791 2.063 1.0128, -1.2706 2.0669 1.0439, -1.2706 2.063 1.0439, -1.256 2.0669 1.071, -1.256 2.063 1.071, -1.2337 2.0669 1.0957, -1.2337 2.063 1.0957, -1.2334 2.0669 1.0959, -1.2334 2.063 1.0959, -1.1991 2.0669 1.1189, -1.1991 2.063 1.1189, -1.1622 2.0669 1.1319, -1.1622 2.063 1.1319, -1.1525 2.0669 0.8252, -1.1525 2.063 0.8252, -1.1888 2.0669 0.836, -1.1888 2.063 0.836, -1.2216 2.0669 0.8551, -1.2216 2.063 0.8551, -1.2476 2.0669 0.8799, -1.2476 2.063 0.8799, -1.2656 2.0669 0.9081, -1.2656 2.063 0.9081, -1.2769 2.0669 0.9411, -1.2769 2.063 0.9411, -1.2181 2.063 1.058, -1.2028 2.063 1.0742, -1.1798 2.063 1.0891, -1.1538 2.063 1.0982, -1.1166 2.063 1.1022, -1.0701 2.063 1.1022, -1.0701 2.063 0.8563, -1.1148 2.063 0.8563, -1.148 2.063 0.8594, -1.1746 2.063 0.8677, -1.196 2.063 0.8805, -1.2137 2.063 0.8979, -1.227 2.063 0.9196, -1.2362 2.063 0.9492, -1.2391 2.063 0.9823, -1.2364 2.063 1.0136, -1.2291 2.063 1.0386, -1.1166 2.0669 1.1022, -1.0701 2.0669 1.1022, -1.1538 2.0669 1.0982, -1.1798 2.0669 1.0891, -1.2028 2.0669 1.0742, -1.2181 2.0669 1.058, -1.2291 2.0669 1.0386, -1.2364 2.0669 1.0136, -1.2391 2.0669 0.9823, -1.2362 2.0669 0.9492, -1.227 2.0669 0.9196, -1.2137 2.0669 0.8979, -1.196 2.0669 0.8805, -1.1746 2.0669 0.8677, -1.148 2.0669 0.8594, -1.1148 2.0669 0.8563, -1.0701 2.0669 0.8563, -0.9664 2.063 0.8563, -0.9664 2.063 0.8218, -0.9664 2.0669 0.8563, -0.9664 2.0669 0.8218, -0.7974 2.063 0.8218, -0.7974 2.0669 0.8218, -0.7974 2.063 1.1367, -0.7974 2.0669 1.1367, -0.9587 2.063 1.1367, -0.9587 2.0669 1.1367, -0.9587 2.063 1.1022, -0.9587 2.0669 1.1022, -0.8396 2.063 1.1022, -0.8396 2.0669 1.1022, -0.8396 2.063 0.9984, -0.8396 2.0669 0.9984, -0.951 2.063 0.9984, -0.951 2.0669 0.9984, -0.951 2.063 0.9639, -0.951 2.0669 0.9639, -0.8396 2.063 0.9639, -0.8396 2.0669 0.9639, -0.8396 2.063 0.8563, -0.8396 2.0669 0.8563, -0.7359 2.063 0.8727, -0.7359 2.063 0.8381, -0.7359 2.0669 0.8727, -0.7359 2.0669 0.8381, -0.6493 2.063 0.8179, -0.6493 2.0669 0.8179, -0.6579 2.0669 0.8181, -0.6579 2.063 0.8181, -0.7024 2.0669 0.8243, -0.7024 2.063 0.8243, -0.5016 2.063 0.9733, -0.5016 2.0669 0.9733, -0.5047 2.0669 0.9368, -0.5047 2.063 0.9368, -0.5142 2.0669 0.9035, -0.5142 2.063 0.9035, -0.5309 2.0669 0.8735, -0.5309 2.063 0.8735, -0.5546 2.0669 0.8486, -0.5546 2.063 0.8486, -0.5799 2.0669 0.8325, -0.5799 2.063 0.8325, -0.6105 2.0669 0.8219, -0.6105 2.063 0.8219, -0.6618 2.063 1.1406, -0.6618 2.0669 1.1406, -0.6302 2.063 1.138, -0.6383 2.0669 1.1386, -0.6302 2.0669 1.138, -0.5951 2.0669 1.1278, -0.5951 2.063 1.1278, -0.5652 2.0669 1.1106, -0.5652 2.063 1.1106, -0.5367 2.0669 1.0832, -0.5367 2.063 1.0832, -0.5183 2.0669 1.0538, -0.5183 2.063 1.0538, -0.5062 2.0669 1.0181, -0.5062 2.063 1.0181, -0.6897 2.0669 1.1386, -0.6995 2.063 1.138, -0.6995 2.0669 1.138, -0.7359 2.063 1.1281, -0.7359 2.0669 1.1281, -0.7359 2.063 1.0858, -0.7359 2.0669 1.0858, -0.6622 2.063 1.106, -0.6622 2.0669 1.106, -0.7005 2.0669 1.101, -0.7005 2.063 1.101, -0.5439 2.063 0.9759, -0.5439 2.0669 0.9759, -0.5454 2.0669 1.0004, -0.5454 2.063 1.0004, -0.5538 2.0669 1.0341, -0.5538 2.063 1.0341, -0.5668 2.0669 1.0584, -0.5668 2.063 1.0584, -0.5858 2.0669 1.0794, -0.5858 2.063 1.0794, -0.6076 2.0669 1.094, -0.6076 2.063 1.094, -0.6312 2.0669 1.1025, -0.6312 2.063 1.1025, -0.6551 2.063 0.8525, -0.6551 2.0669 0.8525, -0.6257 2.0669 0.8558, -0.6257 2.063 0.8558, -0.6028 2.0669 0.8642, -0.6028 2.063 0.8642, -0.5834 2.0669 0.8773, -0.5834 2.063 0.8773, -0.5687 2.0669 0.8929, -0.5687 2.063 0.8929, -0.5556 2.0669 0.9147, -0.5556 2.063 0.9147, -0.5471 2.0669 0.9418, -0.5471 2.063 0.9418, -0.7303 2.0669 0.8695, -0.7303 2.063 0.8695, -0.6969 2.0669 0.8571, -0.6969 2.063 0.8571, -0.4748 2.063 0.8563, -0.4748 2.063 0.8218, -0.4748 2.0669 0.8563, -0.4748 2.0669 0.8218, -0.3134 2.063 0.8218, -0.3134 2.0669 0.8218, -0.3134 2.063 1.1367, -0.3134 2.0669 1.1367, -0.3557 2.063 1.1367, -0.3557 2.0669 1.1367, -0.3557 2.063 0.8563, -0.3557 2.0669 0.8563
            ]
        }
        coordIndex [
            0,1,2,-1,2,1,3,-1,1,4,3,-1,3,4,5,-1,4,6,5,-1,5,6,7,-1,6,8,7,-1,7,8,9,-1,8,10,9,-1,9,10,11,-1,10,12,11,-1,11,12,13,-1,12,14,13,-1,13,14,15,-1,14,0,15,-1,15,0,2,-1,16,17,14,-1,12,10,8,-1,17,18,14,-1,14,18,19,-1,14,19,0,-1,0,19,20,-1,0,20,21,-1,21,22,0,-1,0,22,23,-1,0,23,1,-1,4,1,6,-1,6,1,23,-1,6,23,8,-1,8,23,16,-1,8,16,12,-1,12,16,14,-1,16,23,24,-1,24,23,25,-1,17,16,26,-1,26,16,24,-1,17,26,27,-1,17,27,18,-1,18,27,28,-1,18,28,19,-1,20,19,29,-1,29,19,28,-1,20,29,30,-1,20,30,21,-1,21,30,31,-1,21,31,22,-1,23,22,25,-1,25,22,31,-1,32,33,34,-1,34,33,35,-1,33,36,35,-1,35,36,37,-1,36,38,37,-1,37,38,39,-1,40,41,42,-1,40,42,43,-1,43,42,44,-1,43,44,45,-1,45,44,46,-1,45,46,47,-1,47,46,48,-1,47,48,49,-1,49,48,50,-1,49,50,51,-1,51,50,52,-1,51,52,53,-1,53,52,54,-1,53,54,55,-1,55,54,39,-1,55,39,38,-1,32,34,56,-1,32,56,57,-1,57,56,58,-1,57,58,59,-1,59,58,60,-1,59,60,61,-1,61,60,62,-1,61,62,63,-1,63,62,64,-1,63,64,65,-1,65,64,66,-1,65,66,67,-1,67,66,41,-1,67,41,40,-1,45,47,68,-1,68,47,49,-1,68,49,69,-1,69,49,51,-1,69,51,70,-1,70,51,53,-1,70,53,71,-1,71,53,55,-1,71,55,72,-1,72,55,38,-1,72,38,73,-1,73,38,36,-1,73,36,74,-1,74,36,33,-1,74,33,75,-1,75,33,32,-1,75,32,76,-1,76,32,57,-1,76,57,77,-1,77,57,59,-1,77,59,78,-1,78,59,61,-1,78,61,79,-1,79,61,63,-1,79,63,80,-1,80,63,65,-1,80,65,81,-1,81,65,67,-1,81,67,82,-1,82,67,40,-1,82,40,83,-1,83,40,43,-1,83,43,84,-1,84,43,45,-1,84,45,68,-1,72,73,85,-1,85,73,86,-1,72,85,87,-1,72,87,71,-1,71,87,88,-1,71,88,70,-1,70,88,89,-1,70,89,69,-1,69,89,90,-1,69,90,68,-1,68,90,91,-1,68,91,84,-1,84,91,92,-1,84,92,83,-1,83,92,93,-1,83,93,82,-1,82,93,94,-1,82,94,81,-1,81,94,95,-1,81,95,80,-1,80,95,96,-1,80,96,79,-1,79,96,97,-1,79,97,78,-1,78,97,98,-1,78,98,77,-1,77,98,99,-1,77,99,76,-1,76,99,100,-1,76,100,75,-1,74,75,101,-1,101,75,100,-1,73,74,86,-1,86,74,101,-1,102,103,104,-1,104,103,105,-1,103,106,105,-1,105,106,107,-1,106,108,107,-1,107,108,109,-1,108,110,109,-1,109,110,111,-1,110,112,111,-1,111,112,113,-1,112,114,113,-1,113,114,115,-1,114,116,115,-1,115,116,117,-1,116,118,117,-1,117,118,119,-1,118,120,119,-1,119,120,121,-1,120,122,121,-1,121,122,123,-1,122,124,123,-1,123,124,125,-1,124,102,125,-1,125,102,104,-1,106,103,102,-1,102,124,106,-1,106,124,122,-1,106,122,108,-1,112,110,114,-1,114,110,108,-1,114,108,116,-1,116,108,122,-1,116,122,118,-1,118,122,120,-1,126,127,128,-1,128,127,129,-1,130,131,132,-1,130,132,133,-1,133,132,134,-1,133,134,135,-1,135,134,129,-1,135,129,127,-1,136,137,138,-1,136,138,139,-1,139,138,140,-1,139,140,141,-1,141,140,142,-1,141,142,143,-1,143,142,144,-1,143,144,145,-1,145,144,146,-1,145,146,147,-1,147,146,148,-1,147,148,149,-1,149,148,131,-1,149,131,130,-1,150,151,152,-1,152,151,153,-1,153,154,152,-1,152,154,155,-1,152,155,156,-1,156,155,157,-1,156,157,158,-1,158,157,159,-1,158,159,160,-1,160,159,161,-1,160,161,162,-1,162,161,163,-1,162,163,164,-1,164,163,137,-1,164,137,136,-1,151,150,165,-1,165,150,166,-1,165,166,167,-1,167,166,168,-1,167,168,169,-1,168,170,169,-1,169,170,171,-1,172,173,174,-1,172,174,175,-1,175,174,171,-1,175,171,170,-1,176,177,178,-1,176,178,179,-1,179,178,180,-1,179,180,181,-1,181,180,182,-1,181,182,183,-1,183,182,184,-1,183,184,185,-1,185,184,186,-1,185,186,187,-1,187,186,188,-1,187,188,189,-1,189,188,173,-1,189,173,172,-1,190,191,192,-1,190,192,193,-1,193,192,194,-1,193,194,195,-1,195,194,196,-1,195,196,197,-1,197,196,198,-1,197,198,199,-1,199,198,200,-1,199,200,201,-1,201,200,202,-1,201,202,203,-1,203,202,177,-1,203,177,176,-1,126,128,204,-1,126,204,205,-1,205,204,206,-1,205,206,207,-1,207,206,191,-1,207,191,190,-1,193,130,190,-1,190,130,133,-1,190,133,207,-1,207,133,135,-1,207,135,205,-1,205,135,127,-1,205,127,126,-1,170,168,175,-1,175,168,166,-1,175,166,172,-1,172,166,150,-1,172,150,189,-1,189,150,152,-1,189,152,187,-1,187,152,156,-1,187,156,185,-1,185,156,158,-1,185,158,183,-1,183,158,160,-1,183,160,181,-1,181,160,162,-1,181,162,179,-1,179,162,164,-1,179,164,176,-1,176,164,136,-1,176,136,203,-1,203,136,139,-1,203,139,201,-1,201,139,141,-1,201,141,199,-1,199,141,143,-1,199,143,197,-1,197,143,145,-1,197,145,195,-1,195,145,147,-1,195,147,193,-1,193,147,149,-1,193,149,130,-1,208,209,210,-1,210,209,211,-1,209,212,211,-1,211,212,213,-1,212,214,213,-1,213,214,215,-1,214,216,215,-1,215,216,217,-1,216,218,217,-1,217,218,219,-1,218,208,219,-1,219,208,210,-1,216,214,218,-1,218,214,212,-1,218,212,208,-1,208,212,209,-1,
        ]
    }
}
Shape{
    appearance Appearance {
        material  Material 	{
            diffuseColor 0.22745098039215686 0.5372549019607843 0.26666666666666666
            specularColor 0.11372549019607843 0.26666666666666666 0.13333333333333333
            ambientIntensity 0.4138
            transparency 0.0
            shininess 0.5
        }
    }
    geometry IndexedFaceSet {
        ccw TRUE
        solid FALSE
        coord DEF co Coordinate {
            point [
                -1.3912 2.0669 0.9447, -1.4965 2.0669 0.9447, -1.4382 2.0669 1.0762, -1.4491 2.0669 1.0762, -1.4412 2.0669 1.0871, -1.4463 2.0669 1.0872, -1.4432 2.0669 1.0983, -1.4442 2.0669 1.0983, -1.0701 2.0669 1.1022, -1.0701 2.0669 0.8563, -1.1166 2.0669 1.1022, -1.1148 2.0669 0.8563, -1.148 2.0669 0.8594, -1.2391 2.0669 0.9823, -1.2364 2.0669 1.0136, -1.2291 2.0669 1.0386, -1.1538 2.0669 1.0982, -1.1746 2.0669 0.8677, -1.196 2.0669 0.8805, -1.2137 2.0669 0.8979, -1.227 2.0669 0.9196, -1.2362 2.0669 0.9492, -1.2181 2.0669 1.058, -1.2028 2.0669 1.0742, -1.1798 2.0669 1.0891
            ]
        }
        coordIndex [
            0,1,2,-1,2,1,3,-1,2,3,4,-1,4,3,5,-1,4,5,6,-1,6,5,7,-1,8,9,10,-1,10,9,11,-1,10,11,12,-1,13,14,10,-1,10,14,15,-1,10,15,16,-1,12,17,10,-1,10,17,18,-1,10,18,19,-1,19,20,10,-1,10,20,21,-1,10,21,13,-1,22,23,15,-1,15,23,24,-1,15,24,16,-1,
        ]
    }
}
Shape{
    appearance Appearance {
        material  Material 	{
            diffuseColor 0.7686274509803922 0.7686274509803922 0.7686274509803922
            specularColor 0.615686274509804 0.615686274509804 0.615686274509804
            ambientIntensity 0.7686
            transparency 0.0
            shininess 0.5
        }
    }
    geometry IndexedFaceSet {
        ccw TRUE
        solid FALSE
        coord DEF co Coordinate {
            point [
                1.496 1.9727 1.7216, 1.496 1.9528 1.7473, 1.496 1.9288 1.7694, 1.496 1.1614 1.811, 1.496 1.1614 1.6929, 1.496 1.8078 1.811, 1.496 1.9882 1.6929, 1.496 1.8402 1.8083, 1.496 1.8718 1.8003, 1.496 1.9016 1.7872, 0.5118 1.9882 1.6929, 0.5118 1.1614 1.6929, 0.5118 1.1614 1.811, 0.5118 1.8078 1.811, 0.5118 1.8402 1.8083, 0.5118 1.8718 1.8003, 0.5118 1.9016 1.7872, 0.5118 1.9288 1.7694, 0.5118 1.9727 1.7216, 0.5118 1.9528 1.7473
            ]
        }
        coordIndex [
            0,1,2,-1,3,4,5,-1,5,4,6,-1,5,6,7,-1,7,6,8,-1,0,2,6,-1,6,2,9,-1,6,9,8,-1,10,11,12,-1,12,13,10,-1,10,13,14,-1,10,14,15,-1,15,16,10,-1,10,16,17,-1,10,17,18,-1,18,17,19,-1,3,12,4,-1,4,12,11,-1,13,12,5,-1,5,12,3,-1,11,10,4,-1,4,10,6,-1,13,5,7,-1,13,7,14,-1,14,7,8,-1,14,8,15,-1,15,8,9,-1,15,9,16,-1,16,9,2,-1,16,2,17,-1,17,2,1,-1,17,1,19,-1,19,1,0,-1,19,0,18,-1,18,0,6,-1,18,6,10,-1,
        ]
    }
}
Shape{
    appearance Appearance {
        material  Material 	{
            diffuseColor 0.22745098039215686 0.5372549019607843 0.26666666666666666
            specularColor 0.11372549019607843 0.26666666666666666 0.13333333333333333
            ambientIntensity 0.4138
            transparency 0.0
            shininess 0.5
        }
    }
    geometry IndexedFaceSet {
        ccw TRUE
        solid FALSE
        coord DEF co Coordinate {
            point [
                1.3063 2.0669 1.106, 1.3373 2.0669 1.1025, 1.2382 2.0669 0.8695, 1.1711 2.0669 1.1367, 1.2788 2.0669 1.1386, 1.269 2.0669 1.138, 1.2326 2.0669 1.1281, 1.2326 2.0669 1.0858, 1.1711 2.0669 0.8218, 1.0098 2.0669 1.1022, 0.9714 2.0669 0.0, 0.9714 2.0669 1.1386, 1.0098 2.0669 1.1367, 1.1289 2.0669 1.1022, 1.1289 2.0669 0.9984, 1.268 2.0669 1.101, 1.2326 2.0669 0.8727, 1.1289 2.0669 0.9639, 1.1289 2.0669 0.8563, 1.0175 2.0669 0.9639, 1.0021 2.0669 0.8563, 1.0175 2.0669 0.9984, 1.4502 2.0669 1.0538, 1.4318 2.0669 1.0832, 1.6128 2.0669 1.1367, 1.4033 2.0669 1.1106, 1.3734 2.0669 1.1278, 1.9881 2.0669 1.1386, 1.9881 2.0669 0.0, 1.6551 2.0669 0.8218, 1.0021 2.0669 0.8218, 1.3383 2.0669 1.138, 1.3302 2.0669 1.1386, 1.6551 2.0669 1.1367, 1.3609 2.0669 1.094, 1.3827 2.0669 1.0794, 1.4017 2.0669 1.0584, 1.4246 2.0669 0.9759, 1.4214 2.0669 0.9418, 1.4129 2.0669 0.9147, 1.3428 2.0669 0.8558, 1.3134 2.0669 0.8525, 1.3657 2.0669 0.8642, 1.3851 2.0669 0.8773, 1.3998 2.0669 0.8929, 1.2716 2.0669 0.8571, 1.4147 2.0669 1.0341, 1.4231 2.0669 1.0004, 1.6128 2.0669 0.8563, 1.4669 2.0669 0.9733, 1.4623 2.0669 1.0181, 1.3886 2.0669 0.8325, 1.4139 2.0669 0.8486, 1.4937 2.0669 0.8218, 1.4376 2.0669 0.8735, 1.4937 2.0669 0.8563, 1.4543 2.0669 0.9035, 1.4638 2.0669 0.9368, 1.2326 2.0669 0.8381, 1.2661 2.0669 0.8243, 1.3106 2.0669 0.8181, 1.3192 2.0669 0.8179, 1.358 2.0669 0.8219, 1.9881 2.0669 1.8898, 1.496 2.0669 1.8898, 1.3067 2.0669 1.1406, 0.9714 2.0669 1.8898, 0.5118 2.0669 1.8898, 0.4578 2.0669 0.9101, 0.5879 2.0669 0.9101, 0.426 2.0669 0.8218, 0.618 2.0669 0.8218, 0.3799 2.0669 0.8218, 0.0196 2.0669 0.0, 0.6641 2.0669 0.8218, 0.5028 2.0669 1.1367, 0.545 2.0669 1.1367, 0.8518 2.0669 1.1367, 0.8063 2.0669 1.1319, 0.7694 2.0669 1.1189, 0.7351 2.0669 1.0959, 0.7029 2.0669 0.9081, 0.7209 2.0669 0.8799, 0.7469 2.0669 0.8551, 0.7797 2.0669 0.836, 0.7348 2.0669 1.0957, 0.7125 2.0669 1.071, 0.6979 2.0669 1.0439, 0.816 2.0669 0.8252, 0.855 2.0669 0.8218, 0.9406 2.0669 0.8218, 0.9406 2.0669 1.1367, 0.6894 2.0669 1.0128, 0.6871 2.0669 0.9832, 0.6916 2.0669 0.9411, 0.0196 2.0669 1.1386, 0.0196 2.0669 1.8898, -0.1771 1.0827 0.0, -0.1771 1.4764 0.0, 0.0196 1.1744 0.0, 0.0196 1.3846 0.0, -0.1771 -1.6732 0.0, -0.1771 -1.2795 0.0, 0.0196 -1.5815 0.0, 0.0196 -1.3713 0.0, 1.7913 1.0827 0.0, 1.1811 -0.1378 0.0, 1.1811 0.1772 0.0, 1.7913 -1.2795 0.0, 1.9881 1.1745 0.0, 1.9881 -1.3713 0.0, 1.9881 -1.5814 0.0, 1.9881 -2.0669 0.0, 1.7913 -1.6732 0.0, 0.0196 -2.0669 0.0, 0.8267 -0.1378 0.0, 0.8267 0.1772 0.0, 1.7913 1.4764 0.0, 1.9881 1.3846 0.0, 0.0196 -1.3713 2.7559, 0.0196 1.1744 2.7559, 0.0196 1.3846 2.7559, 0.0196 1.1762 5.4913, 0.0196 1.1702 5.5077, 0.0196 -1.5815 2.7559, 0.0196 -2.0669 2.7953, 0.0196 -2.0602 2.8462, 0.0196 -1.9685 2.9658, 0.0196 -1.921 2.9854, 0.0196 -1.8701 2.9921, 0.0196 -1.1774 5.4935, 0.0196 -1.1694 5.5123, 0.0196 -1.1569 5.5284, 0.0196 -1.1407 5.5408, 0.0196 -1.1218 5.5485, 0.0196 -1.1015 5.5512, 0.0196 1.0998 5.5512, 0.0196 1.1171 5.5493, 0.0196 1.1335 5.5436, 0.0196 1.1483 5.5344, 0.0196 1.1607 5.5223, 0.0196 -2.0406 2.8937, 0.0196 -2.0093 2.9345, 0.5118 -1.8701 0.7874, 1.496 -1.8701 0.7874, 0.5118 -1.6732 0.7874, 1.496 -1.6732 0.7874, 1.496 -1.6692 0.818, 1.496 -1.5857 0.9015, 1.496 -1.6142 0.8897, 1.496 -1.8701 2.1654, 1.496 -1.6386 0.8709, 1.496 -1.6574 0.8465, 1.496 -0.0984 1.6607, 1.496 -0.0984 0.9055, 1.496 -1.2795 1.6607, 1.496 -1.5551 0.9055, 1.496 -1.3814 1.6741, 1.496 -1.4764 1.7134, 1.496 -1.5579 1.776, 1.496 -1.6732 2.1654, 1.496 -1.6732 2.0544, 1.496 -1.6598 1.9525, 1.496 -1.6205 1.8575, 0.5118 -1.6732 2.0544, 0.5118 -1.6732 2.1654, 0.5118 -1.8701 2.1654, 0.5118 -1.6142 0.8897, 0.5118 -1.5857 0.9015, 0.5118 -1.6692 0.818, 0.5118 -1.6574 0.8465, 0.5118 -1.6386 0.8709, 0.5118 -0.0984 0.9055, 0.5118 -0.0984 1.6607, 0.5118 -1.5551 0.9055, 0.5118 -1.2795 1.6607, 0.5118 -1.3814 1.6741, 0.5118 -1.4764 1.7134, 0.5118 -1.5579 1.776, 0.5118 -1.6205 1.8575, 0.5118 -1.6598 1.9525
            ]
        }
        coordIndex [
            0,1,2,-1,3,4,5,-1,5,6,3,-1,3,6,7,-1,3,7,8,-1,9,10,11,-1,4,3,11,-1,11,3,12,-1,11,12,9,-1,9,13,14,-1,0,2,15,-1,15,2,16,-1,15,16,7,-1,17,18,19,-1,19,18,20,-1,19,20,21,-1,22,23,24,-1,24,23,25,-1,24,25,26,-1,27,28,29,-1,14,21,9,-1,9,21,20,-1,9,20,10,-1,10,20,30,-1,10,30,8,-1,26,31,24,-1,24,31,32,-1,24,32,33,-1,1,34,2,-1,2,34,35,-1,2,35,36,-1,37,38,2,-1,2,38,39,-1,40,41,42,-1,42,41,43,-1,39,44,2,-1,2,44,43,-1,2,43,45,-1,45,43,41,-1,36,46,2,-1,2,46,47,-1,2,47,37,-1,48,49,24,-1,24,49,50,-1,24,50,22,-1,51,52,53,-1,53,52,54,-1,53,54,55,-1,55,54,56,-1,55,56,48,-1,48,56,57,-1,48,57,49,-1,29,28,53,-1,53,28,10,-1,53,10,51,-1,7,16,8,-1,8,16,58,-1,8,58,10,-1,10,58,59,-1,10,59,60,-1,60,61,10,-1,10,61,62,-1,10,62,51,-1,29,33,27,-1,27,33,32,-1,27,32,63,-1,63,32,64,-1,32,65,64,-1,64,65,4,-1,64,4,66,-1,66,4,11,-1,66,11,67,-1,68,69,70,-1,70,69,71,-1,72,70,73,-1,73,70,71,-1,73,71,10,-1,10,71,74,-1,75,11,76,-1,76,11,77,-1,77,78,76,-1,76,78,79,-1,76,79,80,-1,81,82,74,-1,74,82,83,-1,74,83,84,-1,80,85,76,-1,76,85,86,-1,76,86,87,-1,84,88,74,-1,74,88,89,-1,74,89,10,-1,10,89,90,-1,10,90,11,-1,11,90,91,-1,11,91,77,-1,87,92,76,-1,76,92,93,-1,76,93,74,-1,74,93,94,-1,74,94,81,-1,72,73,75,-1,75,73,95,-1,75,95,11,-1,11,95,96,-1,11,96,67,-1,97,98,99,-1,99,98,100,-1,101,102,103,-1,103,102,104,-1,105,106,107,-1,106,105,108,-1,108,105,109,-1,108,109,110,-1,111,112,113,-1,113,112,114,-1,113,114,108,-1,108,114,103,-1,108,103,106,-1,106,103,104,-1,106,104,115,-1,100,73,10,-1,115,104,116,-1,116,104,99,-1,116,99,107,-1,107,99,100,-1,107,100,105,-1,105,100,10,-1,105,10,117,-1,117,10,28,-1,117,28,118,-1,95,73,100,-1,104,119,99,-1,99,119,120,-1,95,100,96,-1,96,100,121,-1,96,121,122,-1,122,121,120,-1,122,120,123,-1,103,114,124,-1,124,114,125,-1,124,125,126,-1,127,128,124,-1,124,128,129,-1,124,129,119,-1,119,129,130,-1,119,130,120,-1,120,130,131,-1,120,131,132,-1,132,133,120,-1,120,133,134,-1,120,134,135,-1,135,136,120,-1,120,136,137,-1,120,137,138,-1,138,139,120,-1,120,139,140,-1,120,140,123,-1,126,141,124,-1,124,141,142,-1,124,142,127,-1,143,144,145,-1,145,144,146,-1,147,146,144,-1,148,149,150,-1,150,149,151,-1,150,151,144,-1,144,151,152,-1,144,152,147,-1,153,154,155,-1,155,154,156,-1,155,156,157,-1,157,156,148,-1,157,148,158,-1,158,148,159,-1,160,161,150,-1,150,161,162,-1,150,162,148,-1,148,162,163,-1,148,163,159,-1,164,165,166,-1,167,168,166,-1,145,169,143,-1,143,169,170,-1,143,170,166,-1,166,170,171,-1,166,171,167,-1,172,173,174,-1,174,173,175,-1,174,175,168,-1,168,175,176,-1,168,176,177,-1,177,178,168,-1,168,178,179,-1,168,179,166,-1,166,179,180,-1,166,180,164,-1,153,173,154,-1,154,173,172,-1,
        ]
    }
}
Shape{
    appearance Appearance {
        material  Material 	{
            diffuseColor 0.7686274509803922 0.7686274509803922 0.7686274509803922
            specularColor 0.615686274509804 0.615686274509804 0.615686274509804
            ambientIntensity 0.7686
            transparency 0.0
            shininess 0.5
        }
    }
    geometry IndexedFaceSet {
        ccw TRUE
        solid FALSE
        coord DEF co Coordinate {
            point [
                1.6471 -0.2974 5.4724, 1.6868 -0.1894 5.4724, 0.5749 -0.5641 5.4724, 1.7057 -0.0984 5.4724, 0.3021 -0.0984 5.4724, 0.321 -0.1894 5.4724, 0.3606 -0.2974 5.4724, 0.4172 -0.3976 5.4724, 0.4893 -0.4872 5.4724, 0.6719 -0.6261 5.4724, 0.7776 -0.6715 5.4724, 1.5185 -0.4872 5.4724, 1.5905 -0.3976 5.4724, 1.2302 -0.6715 5.4724, 1.3359 -0.6261 5.4724, 1.1186 -0.6993 5.4724, 1.0039 -0.7087 5.4724, 0.8892 -0.6993 5.4724, 1.4328 -0.5641 5.4724, 0.2953 -0.3412 5.3937, 0.3521 -0.4417 5.3937, 0.3537 -0.4406 5.4112, 0.3903 -0.4893 5.3937, 0.4321 -0.5414 5.3937, 0.4336 -0.54 5.4112, 0.663 -0.7077 5.3937, 0.7524 -0.7462 5.3937, 0.753 -0.7443 5.4112, 1.1785 -0.7653 5.3937, 1.2554 -0.7462 5.3937, 1.2547 -0.7443 5.4112, 1.494 -0.6147 5.3937, 1.5756 -0.5414 5.3937, 1.5742 -0.54 5.4112, 1.6175 -0.4893 5.3937, 1.6557 -0.4417 5.3937, 1.6541 -0.4406 5.4112, 0.238 -0.1749 5.3937, 0.2451 -0.2104 5.3937, 0.247 -0.2099 5.4112, 1.7037 -0.1941 5.4705, 1.7234 -0.0984 5.4703, 1.7245 -0.0984 5.4702, 1.7197 -0.1985 5.4646, 1.7322 -0.0984 5.4679, 1.7461 -0.2058 5.4428, 1.7557 -0.0984 5.4548, 1.7341 -0.2025 5.4553, 1.7491 -0.0984 5.4596, 1.7399 -0.0984 5.4642, 1.7768 -0.0984 5.4276, 1.7734 -0.0984 5.4348, 1.7551 -0.2083 5.4279, 1.7688 -0.0984 5.4415, 1.7677 -0.0984 5.4427, 1.7812 -0.0984 5.418, 1.7607 -0.2099 5.4112, 1.7831 -0.0984 5.4112, 1.7627 -0.2104 5.3937, 1.7698 -0.1749 5.3937, 1.7851 -0.0984 5.3937, 1.7833 -0.0984 5.4102, 0.2526 -0.2083 5.4279, 0.2266 -0.0984 5.4182, 0.2251 -0.0984 5.4111, 0.2231 -0.0984 5.4023, 0.2227 -0.0984 5.3937, 0.2617 -0.2058 5.4428, 0.2344 -0.0984 5.435, 0.231 -0.0984 5.4276, 0.2737 -0.2025 5.4553, 0.252 -0.0984 5.4549, 0.2389 -0.0984 5.4415, 0.2752 -0.0984 5.4678, 0.2679 -0.0984 5.4642, 0.2881 -0.1985 5.4646, 0.2583 -0.0984 5.4594, 0.2526 -0.0984 5.4552, 0.2827 -0.0984 5.4701, 0.3041 -0.1941 5.4705, 0.2844 -0.0984 5.4703, 1.663 -0.3047 5.4705, 1.605 -0.4074 5.4705, 1.6781 -0.3117 5.4646, 1.6188 -0.4167 5.4646, 1.6917 -0.318 5.4553, 1.6312 -0.4251 5.4553, 1.703 -0.3232 5.4428, 1.6415 -0.4321 5.4428, 1.7115 -0.3272 5.4279, 1.6493 -0.4374 5.4279, 1.7168 -0.3296 5.4112, 1.3441 -0.6416 5.4705, 1.2358 -0.6882 5.4705, 1.3519 -0.6563 5.4646, 1.2411 -0.7039 5.4646, 1.3589 -0.6694 5.4553, 1.2459 -0.7181 5.4553, 1.3647 -0.6805 5.4428, 1.2499 -0.7299 5.4428, 1.3691 -0.6887 5.4279, 1.2529 -0.7388 5.4279, 1.3719 -0.6939 5.4112, 0.8864 -0.7166 5.4705, 0.772 -0.6882 5.4705, 0.8837 -0.733 5.4646, 0.7666 -0.7039 5.4646, 0.8813 -0.7478 5.4553, 0.7619 -0.7181 5.4553, 0.8792 -0.7601 5.4428, 0.7579 -0.7299 5.4428, 0.8777 -0.7693 5.4279, 0.7549 -0.7388 5.4279, 0.8768 -0.7751 5.4112, 0.5643 -0.578 5.4705, 0.4766 -0.4993 5.4705, 0.5543 -0.5913 5.4646, 0.4645 -0.5107 5.4646, 0.5452 -0.6032 5.4553, 0.4537 -0.521 5.4553, 0.5377 -0.6131 5.4428, 0.4446 -0.5296 5.4428, 0.532 -0.6206 5.4279, 0.4378 -0.536 5.4279, 0.5285 -0.6252 5.4112, 1.7186 -0.3304 5.3937, 1.7125 -0.3412 5.3937, 1.5312 -0.4993 5.4705, 1.5433 -0.5107 5.4646, 1.5541 -0.521 5.4553, 1.5632 -0.5296 5.4428, 1.57 -0.536 5.4279, 1.4805 -0.6268 5.3937, 1.4793 -0.6252 5.4112, 1.4758 -0.6206 5.4279, 1.4701 -0.6131 5.4428, 1.4626 -0.6032 5.4553, 1.4535 -0.5913 5.4646, 1.4434 -0.578 5.4705, 1.3728 -0.6956 5.3937, 1.3448 -0.7077 5.3937, 1.1313 -0.777 5.3937, 1.131 -0.7751 5.4112, 1.13 -0.7693 5.4279, 1.1285 -0.7601 5.4428, 1.1265 -0.7478 5.4553, 1.1241 -0.733 5.4646, 1.1214 -0.7166 5.4705, 1.0039 -0.7262 5.4705, 1.0039 -0.7428 5.4646, 1.0039 -0.7578 5.4553, 1.0039 -0.7702 5.4428, 1.0039 -0.7796 5.4279, 1.0039 -0.7854 5.4112, 1.0039 -0.7874 5.3937, 0.8765 -0.777 5.3937, 0.8293 -0.7653 5.3937, 0.635 -0.6956 5.3937, 0.6359 -0.6939 5.4112, 0.6386 -0.6887 5.4279, 0.643 -0.6805 5.4428, 0.6489 -0.6694 5.4553, 0.6559 -0.6563 5.4646, 0.6637 -0.6416 5.4705, 0.5273 -0.6268 5.3937, 0.5138 -0.6147 5.3937, 0.3585 -0.4374 5.4279, 0.3663 -0.4321 5.4428, 0.3766 -0.4251 5.4553, 0.389 -0.4167 5.4646, 0.4027 -0.4074 5.4705, 0.2892 -0.3304 5.3937, 0.291 -0.3296 5.4112, 0.2962 -0.3272 5.4279, 0.3048 -0.3232 5.4428, 0.3161 -0.318 5.4553, 0.3296 -0.3117 5.4646, 0.3447 -0.3047 5.4705
            ]
        }
        coordIndex [
            0,1,2,-1,3,4,1,-1,1,4,5,-1,1,5,6,-1,6,7,1,-1,1,7,8,-1,1,8,2,-1,9,10,11,-1,9,11,2,-1,2,11,12,-1,2,12,0,-1,13,14,15,-1,15,14,16,-1,10,17,11,-1,11,17,16,-1,11,16,18,-1,18,16,14,-1,19,20,21,-1,22,23,24,-1,25,26,27,-1,28,29,30,-1,31,32,33,-1,34,35,36,-1,37,38,39,-1,1,40,3,-1,3,40,41,-1,41,40,42,-1,42,40,43,-1,42,43,44,-1,45,46,47,-1,47,46,48,-1,47,48,43,-1,43,48,49,-1,43,49,44,-1,50,51,52,-1,52,51,53,-1,52,53,45,-1,45,53,54,-1,45,54,46,-1,50,52,55,-1,55,52,56,-1,55,56,57,-1,56,58,59,-1,59,60,56,-1,56,60,61,-1,56,61,57,-1,62,63,39,-1,39,63,64,-1,39,64,37,-1,37,64,65,-1,37,65,66,-1,67,68,62,-1,62,68,69,-1,62,69,63,-1,70,71,67,-1,67,71,72,-1,67,72,68,-1,73,74,75,-1,75,74,76,-1,75,76,70,-1,70,76,77,-1,70,77,71,-1,73,75,78,-1,78,75,79,-1,78,79,80,-1,80,79,5,-1,80,5,4,-1,0,12,81,-1,81,12,82,-1,81,82,83,-1,83,82,84,-1,83,84,85,-1,85,84,86,-1,85,86,87,-1,87,86,88,-1,87,88,89,-1,89,88,90,-1,89,90,91,-1,91,90,36,-1,14,13,92,-1,92,13,93,-1,92,93,94,-1,94,93,95,-1,94,95,96,-1,96,95,97,-1,96,97,98,-1,98,97,99,-1,98,99,100,-1,100,99,101,-1,100,101,102,-1,102,101,30,-1,17,10,103,-1,103,10,104,-1,103,104,105,-1,105,104,106,-1,105,106,107,-1,107,106,108,-1,107,108,109,-1,109,108,110,-1,109,110,111,-1,111,110,112,-1,111,112,113,-1,113,112,27,-1,2,8,114,-1,114,8,115,-1,114,115,116,-1,116,115,117,-1,116,117,118,-1,118,117,119,-1,118,119,120,-1,120,119,121,-1,120,121,122,-1,122,121,123,-1,122,123,124,-1,124,123,24,-1,1,0,40,-1,40,0,81,-1,40,81,43,-1,43,81,83,-1,43,83,47,-1,47,83,85,-1,47,85,45,-1,45,85,87,-1,45,87,52,-1,52,87,89,-1,52,89,56,-1,56,89,91,-1,56,91,58,-1,58,91,125,-1,36,35,91,-1,91,35,126,-1,91,126,125,-1,12,11,82,-1,82,11,127,-1,82,127,84,-1,84,127,128,-1,84,128,86,-1,86,128,129,-1,86,129,88,-1,88,129,130,-1,88,130,90,-1,90,130,131,-1,90,131,36,-1,36,131,33,-1,36,33,34,-1,34,33,32,-1,132,31,133,-1,133,31,33,-1,133,33,134,-1,134,33,131,-1,134,131,135,-1,135,131,130,-1,135,130,136,-1,136,130,129,-1,136,129,137,-1,137,129,128,-1,137,128,138,-1,138,128,127,-1,138,127,18,-1,18,127,11,-1,18,14,138,-1,138,14,92,-1,138,92,137,-1,137,92,94,-1,137,94,136,-1,136,94,96,-1,136,96,135,-1,135,96,98,-1,135,98,134,-1,134,98,100,-1,134,100,133,-1,133,100,102,-1,133,102,132,-1,132,102,139,-1,30,29,102,-1,102,29,140,-1,102,140,139,-1,141,28,142,-1,142,28,30,-1,142,30,143,-1,143,30,101,-1,143,101,144,-1,144,101,99,-1,144,99,145,-1,145,99,97,-1,145,97,146,-1,146,97,95,-1,146,95,147,-1,147,95,93,-1,147,93,15,-1,15,93,13,-1,15,16,147,-1,147,16,148,-1,147,148,146,-1,146,148,149,-1,146,149,145,-1,145,149,150,-1,145,150,144,-1,144,150,151,-1,144,151,143,-1,143,151,152,-1,143,152,142,-1,142,152,153,-1,142,153,141,-1,141,153,154,-1,16,17,148,-1,148,17,103,-1,148,103,149,-1,149,103,105,-1,149,105,150,-1,150,105,107,-1,150,107,151,-1,151,107,109,-1,151,109,152,-1,152,109,111,-1,152,111,153,-1,153,111,113,-1,153,113,154,-1,154,113,155,-1,27,26,113,-1,113,26,156,-1,113,156,155,-1,157,25,158,-1,158,25,27,-1,158,27,159,-1,159,27,112,-1,159,112,160,-1,160,112,110,-1,160,110,161,-1,161,110,108,-1,161,108,162,-1,162,108,106,-1,162,106,163,-1,163,106,104,-1,163,104,9,-1,9,104,10,-1,9,2,163,-1,163,2,114,-1,163,114,162,-1,162,114,116,-1,162,116,161,-1,161,116,118,-1,161,118,160,-1,160,118,120,-1,160,120,159,-1,159,120,122,-1,159,122,158,-1,158,122,124,-1,158,124,157,-1,157,124,164,-1,24,23,124,-1,124,23,165,-1,124,165,164,-1,20,22,21,-1,21,22,24,-1,21,24,166,-1,166,24,123,-1,166,123,167,-1,167,123,121,-1,167,121,168,-1,168,121,119,-1,168,119,169,-1,169,119,117,-1,169,117,170,-1,170,117,115,-1,170,115,7,-1,7,115,8,-1,171,19,172,-1,172,19,21,-1,172,21,173,-1,173,21,166,-1,173,166,174,-1,174,166,167,-1,174,167,175,-1,175,167,168,-1,175,168,176,-1,176,168,169,-1,176,169,177,-1,177,169,170,-1,177,170,6,-1,6,170,7,-1,6,5,177,-1,177,5,79,-1,177,79,176,-1,176,79,75,-1,176,75,175,-1,175,75,70,-1,175,70,174,-1,174,70,67,-1,174,67,173,-1,173,67,62,-1,173,62,172,-1,172,62,39,-1,172,39,171,-1,171,39,38,-1,
        ]
    }
}
Shape{
    appearance Appearance {
        material  Material 	{
            diffuseColor 0.22745098039215686 0.5372549019607843 0.26666666666666666
            specularColor 0.11372549019607843 0.26666666666666666 0.13333333333333333
            ambientIntensity 0.4138
            transparency 0.0
            shininess 0.5
        }
    }
    geometry IndexedFaceSet {
        ccw TRUE
        solid FALSE
        coord DEF co Coordinate {
            point [
                1.9881 -1.5814 2.7559, 1.9881 -1.3713 2.7559, 1.9881 1.0998 5.5512, 1.9881 -2.0669 0.0, 1.9881 -1.5814 0.0, 1.9881 -2.0669 2.7953, 1.9881 1.1171 5.5493, 1.9881 1.1745 2.7559, 1.9881 1.3846 2.7559, 1.9881 1.1762 5.4913, 1.9881 2.0669 1.8898, 1.9881 -1.9685 2.9658, 1.9881 -2.0093 2.9345, 1.9881 -1.1774 5.4935, 1.9881 -1.8701 2.9921, 1.9881 -1.921 2.9854, 1.9881 -1.3713 0.0, 1.9881 1.1745 0.0, 1.9881 -2.0406 2.8937, 1.9881 -2.0602 2.8462, 1.9881 1.1702 5.5077, 1.9881 1.1607 5.5223, 1.9881 2.0669 1.1386, 1.9881 1.3846 0.0, 1.9881 2.0669 0.0, 1.9881 1.1483 5.5344, 1.9881 1.1335 5.5436, 1.9881 -1.1015 5.5512, 1.9881 -1.1218 5.5485, 1.9881 -1.1407 5.5408, 1.9881 -1.1569 5.5284, 1.9881 -1.1694 5.5123, 1.7322 -2.0669 2.6378, 0.2755 -2.0669 2.6378, 0.0196 -2.0669 2.7953, 0.2755 -2.0669 0.6299, 0.0196 -2.0669 0.0, 1.7322 -2.0669 0.6299, 1.8307 -0.0 5.5512, 1.8099 -0.184 5.5512, 1.7488 -0.3587 5.5512, 0.6452 -0.7449 5.5512, 0.4884 -0.6464 5.5512, 0.0196 -1.1015 5.5512, 0.3575 -0.5155 5.5512, 0.259 -0.3587 5.5512, 1.6503 -0.5155 5.5512, 1.5194 -0.6464 5.5512, 1.3626 -0.7449 5.5512, 1.1879 -0.806 5.5512, 1.0039 -0.8268 5.5512, 0.8199 -0.806 5.5512, 0.1978 -0.184 5.5512, 0.1771 -0.0 5.5512, 0.0196 1.0998 5.5512, 0.1978 0.184 5.5512, 0.259 0.3587 5.5512, 1.6503 0.5155 5.5512, 1.5194 0.6464 5.5512, 1.3626 0.7449 5.5512, 1.7488 0.3587 5.5512, 1.8099 0.184 5.5512, 0.3575 0.5155 5.5512, 0.4884 0.6464 5.5512, 0.6452 0.7449 5.5512, 0.8199 0.806 5.5512, 1.0039 0.8268 5.5512, 1.1879 0.806 5.5512, 0.0196 -1.1774 5.4935, 0.0196 -1.8701 2.9921, 1.496 2.0669 1.8898, 1.496 1.5945 3.8001, 0.5118 2.0669 1.8898, 0.0196 2.0669 1.8898, 0.5118 1.5945 3.8001, 0.0196 1.1762 5.4913, 0.0196 -1.921 2.9854, 0.0196 -1.9685 2.9658, 0.0196 -2.0093 2.9345, 0.0196 -2.0406 2.8937, 0.0196 -2.0602 2.8462, 1.496 1.5945 2.4803, 1.496 1.9882 1.8898, 1.496 1.3976 1.8898, 1.496 1.9882 1.6929, 1.496 1.1614 1.8898, 1.496 1.1614 1.6929, 0.5118 1.5945 2.4803, 0.5118 1.1614 1.8898, 0.5118 1.1614 1.6929, 0.5118 1.3976 1.8898, 0.5118 1.9882 1.6929, 0.5118 1.9882 1.8898, 0.9714 2.0669 1.8898, 1.496 -1.6732 2.1654, 1.496 -1.8701 2.1654, 0.5118 -1.6732 2.1654, 0.5118 -1.8701 2.1654, 1.496 -1.8701 0.7874, 0.5118 -1.8701 0.7874, 1.8307 -0.0 5.1575, 1.8099 0.184 5.1575, 1.7488 0.3587 5.1575, 1.6503 0.5155 5.1575, 1.5194 0.6464 5.1575, 1.3626 0.7449 5.1575, 1.1879 0.806 5.1575, 1.0039 0.8268 5.1575, 0.8199 0.806 5.1575, 0.6452 0.7449 5.1575, 0.4884 0.6464 5.1575, 0.3575 0.5155 5.1575, 0.259 0.3587 5.1575, 0.1978 0.184 5.1575, 0.1771 -0.0 5.1575, 0.1978 -0.184 5.1575, 0.259 -0.3587 5.1575, 0.3575 -0.5155 5.1575, 0.4884 -0.6464 5.1575, 0.6452 -0.7449 5.1575, 0.8199 -0.806 5.1575, 1.0039 -0.8268 5.1575, 1.1879 -0.806 5.1575, 1.3626 -0.7449 5.1575, 1.5194 -0.6464 5.1575, 1.6503 -0.5155 5.1575, 1.7488 -0.3587 5.1575, 1.8099 -0.184 5.1575, 0.2362 0.1752 5.1575, 0.2165 -0.0 5.1575, 0.2362 -0.1752 5.1575, 0.2945 -0.3416 5.1575, 0.3883 -0.4909 5.1575, 0.5129 -0.6156 5.1575, 0.6622 -0.7094 5.1575, 0.8287 -0.7677 5.1575, 1.0039 -0.7874 5.1575, 1.1791 -0.7677 5.1575, 1.3455 -0.7094 5.1575, 1.4948 -0.6156 5.1575, 1.6195 -0.4909 5.1575, 1.7133 -0.3416 5.1575, 1.7715 -0.1752 5.1575, 1.7913 -0.0 5.1575, 1.7715 0.1752 5.1575, 1.7133 0.3416 5.1575, 1.6195 0.4909 5.1575, 1.4948 0.6156 5.1575, 1.3455 0.7094 5.1575, 1.1791 0.7677 5.1575, 1.0039 0.7874 5.1575, 0.8287 0.7677 5.1575, 0.6622 0.7094 5.1575, 0.5129 0.6156 5.1575, 0.3883 0.4909 5.1575, 0.2945 0.3416 5.1575
            ]
        }
        coordIndex [
            0,1,2,-1,3,4,5,-1,5,4,0,-1,2,1,6,-1,7,8,9,-1,9,8,10,-1,0,11,12,-1,13,14,0,-1,0,14,15,-1,0,15,11,-1,16,17,1,-1,1,17,7,-1,12,18,0,-1,0,18,19,-1,0,19,5,-1,7,9,1,-1,1,9,20,-1,1,20,21,-1,10,8,22,-1,22,8,23,-1,22,23,24,-1,21,25,1,-1,1,25,26,-1,1,26,6,-1,0,2,13,-1,13,2,27,-1,13,27,28,-1,28,29,13,-1,13,29,30,-1,13,30,31,-1,32,5,33,-1,33,5,34,-1,33,34,35,-1,35,34,36,-1,35,36,37,-1,37,36,3,-1,37,3,32,-1,32,3,5,-1,2,38,27,-1,27,38,39,-1,27,39,40,-1,41,42,43,-1,43,42,44,-1,43,44,45,-1,40,46,27,-1,27,46,47,-1,27,47,48,-1,48,49,27,-1,27,49,50,-1,27,50,43,-1,43,50,51,-1,43,51,41,-1,45,52,43,-1,43,52,53,-1,43,53,54,-1,54,53,55,-1,54,55,56,-1,57,2,58,-1,58,2,59,-1,57,60,2,-1,2,60,61,-1,2,61,38,-1,56,62,54,-1,54,62,63,-1,54,63,64,-1,64,65,54,-1,54,65,66,-1,54,66,2,-1,2,66,67,-1,2,67,59,-1,68,69,13,-1,13,69,14,-1,10,70,71,-1,72,73,74,-1,74,73,75,-1,74,75,71,-1,71,75,9,-1,71,9,10,-1,14,69,76,-1,14,76,15,-1,15,76,77,-1,15,77,11,-1,11,77,78,-1,11,78,12,-1,12,78,79,-1,12,79,18,-1,18,79,80,-1,18,80,19,-1,19,80,34,-1,19,34,5,-1,71,70,81,-1,81,70,82,-1,81,82,83,-1,83,82,84,-1,83,84,85,-1,85,84,86,-1,87,74,81,-1,81,74,71,-1,88,89,90,-1,90,89,91,-1,90,91,87,-1,87,91,92,-1,87,92,74,-1,74,92,72,-1,72,92,93,-1,93,92,82,-1,93,82,70,-1,83,85,90,-1,90,85,88,-1,86,89,85,-1,85,89,88,-1,91,84,92,-1,92,84,82,-1,91,89,84,-1,84,89,86,-1,81,83,87,-1,87,83,90,-1,94,95,96,-1,96,95,97,-1,32,33,95,-1,95,33,97,-1,37,32,98,-1,98,32,95,-1,35,99,33,-1,33,99,97,-1,37,98,35,-1,35,98,99,-1,100,38,101,-1,101,38,61,-1,101,61,102,-1,102,61,60,-1,102,60,103,-1,103,60,57,-1,103,57,104,-1,104,57,58,-1,104,58,105,-1,105,58,59,-1,105,59,106,-1,106,59,67,-1,106,67,107,-1,107,67,66,-1,107,66,108,-1,108,66,65,-1,108,65,109,-1,109,65,64,-1,109,64,110,-1,110,64,63,-1,110,63,111,-1,111,63,62,-1,111,62,112,-1,112,62,56,-1,112,56,113,-1,113,56,55,-1,113,55,114,-1,114,55,53,-1,114,53,115,-1,115,53,52,-1,115,52,116,-1,116,52,45,-1,116,45,117,-1,117,45,44,-1,117,44,118,-1,118,44,42,-1,118,42,119,-1,119,42,41,-1,119,41,120,-1,120,41,51,-1,120,51,121,-1,121,51,50,-1,121,50,122,-1,122,50,49,-1,122,49,123,-1,123,49,48,-1,123,48,124,-1,124,48,47,-1,124,47,125,-1,125,47,46,-1,125,46,126,-1,126,46,40,-1,126,40,127,-1,127,40,39,-1,127,39,100,-1,100,39,38,-1,128,113,129,-1,129,113,114,-1,129,114,130,-1,130,114,115,-1,130,115,131,-1,131,115,116,-1,131,116,132,-1,132,116,117,-1,132,117,133,-1,133,117,118,-1,133,118,134,-1,134,118,119,-1,134,119,135,-1,135,119,120,-1,135,120,136,-1,136,120,121,-1,136,121,137,-1,137,121,122,-1,137,122,138,-1,138,122,123,-1,138,123,139,-1,139,123,124,-1,139,124,140,-1,140,124,125,-1,140,125,141,-1,141,125,126,-1,141,126,142,-1,142,126,127,-1,142,127,143,-1,143,127,100,-1,143,100,144,-1,144,100,101,-1,144,101,145,-1,145,101,102,-1,145,102,146,-1,146,102,103,-1,146,103,147,-1,147,103,104,-1,147,104,148,-1,148,104,105,-1,148,105,149,-1,149,105,106,-1,149,106,150,-1,150,106,107,-1,150,107,151,-1,151,107,108,-1,151,108,152,-1,152,108,109,-1,152,109,153,-1,153,109,110,-1,153,110,154,-1,154,110,111,-1,154,111,155,-1,155,111,112,-1,155,112,128,-1,128,112,113,-1,
        ]
    }
}
Shape{
    appearance Appearance {
        material  Material 	{
            diffuseColor 0.7686274509803922 0.7686274509803922 0.7686274509803922
            specularColor 0.615686274509804 0.615686274509804 0.615686274509804
            ambientIntensity 0.7686
            transparency 0.0
            shininess 0.5
        }
    }
    geometry IndexedFaceSet {
        ccw TRUE
        solid FALSE
        coord DEF co Coordinate {
            point [
                1.7851 -0.0984 5.315, 1.7715 -0.1752 5.1575, 1.7913 -0.0 5.315, 1.7913 -0.0 5.1575, 1.7851 0.0984 5.315, 1.7715 0.1752 5.1575, 1.7851 0.0984 5.3937, 1.7698 0.1749 5.3937, 0.2227 0.0984 5.3937, 0.238 0.1749 5.3937, 0.2227 0.0984 5.315, 0.2362 0.1752 5.1575, 0.2165 -0.0 5.315, 0.2165 -0.0 5.1575, 0.2227 -0.0984 5.315, 0.2362 -0.1752 5.1575, 0.2227 -0.0984 5.3937, 0.238 -0.1749 5.3937, 0.2945 -0.3416 5.1575, 0.2892 -0.3304 5.3937, 0.2451 -0.2104 5.3937, 0.3883 -0.4909 5.1575, 0.3521 -0.4417 5.3937, 0.2953 -0.3412 5.3937, 0.5129 -0.6156 5.1575, 0.4321 -0.5414 5.3937, 0.3903 -0.4893 5.3937, 0.663 -0.7077 5.3937, 0.635 -0.6956 5.3937, 0.6622 -0.7094 5.1575, 0.5273 -0.6268 5.3937, 0.5138 -0.6147 5.3937, 0.7524 -0.7462 5.3937, 0.8287 -0.7677 5.1575, 0.8293 -0.7653 5.3937, 0.8765 -0.777 5.3937, 1.0039 -0.7874 5.1575, 1.0039 -0.7874 5.3937, 1.1313 -0.777 5.3937, 1.1791 -0.7677 5.1575, 1.1785 -0.7653 5.3937, 1.2554 -0.7462 5.3937, 1.3455 -0.7094 5.1575, 1.3448 -0.7077 5.3937, 1.3728 -0.6956 5.3937, 1.4948 -0.6156 5.1575, 1.4805 -0.6268 5.3937, 1.6195 -0.4909 5.1575, 1.5756 -0.5414 5.3937, 1.494 -0.6147 5.3937, 1.7186 -0.3304 5.3937, 1.7125 -0.3412 5.3937, 1.7133 -0.3416 5.1575, 1.6557 -0.4417 5.3937, 1.6175 -0.4893 5.3937, 1.7627 -0.2104 5.3937, 1.7698 -0.1749 5.3937, 1.7851 -0.0984 5.3937, 1.7627 0.2104 5.3937, 1.7133 0.3416 5.1575, 1.7186 0.3304 5.3937, 1.6195 0.4909 5.1575, 1.6557 0.4417 5.3937, 1.7125 0.3412 5.3937, 1.4948 0.6156 5.1575, 1.5756 0.5414 5.3937, 1.6175 0.4893 5.3937, 1.3448 0.7077 5.3937, 1.3728 0.6956 5.3937, 1.3455 0.7094 5.1575, 1.4805 0.6268 5.3937, 1.494 0.6147 5.3937, 1.2554 0.7462 5.3937, 1.1791 0.7677 5.1575, 1.1785 0.7653 5.3937, 1.1313 0.777 5.3937, 1.0039 0.7874 5.1575, 1.0039 0.7874 5.3937, 0.8765 0.777 5.3937, 0.8287 0.7677 5.1575, 0.8293 0.7653 5.3937, 0.7524 0.7462 5.3937, 0.6622 0.7094 5.1575, 0.663 0.7077 5.3937, 0.635 0.6956 5.3937, 0.5129 0.6156 5.1575, 0.5273 0.6268 5.3937, 0.3883 0.4909 5.1575, 0.4321 0.5414 5.3937, 0.5138 0.6147 5.3937, 0.2945 0.3416 5.1575, 0.3521 0.4417 5.3937, 0.3903 0.4893 5.3937, 0.2451 0.2104 5.3937, 0.2892 0.3304 5.3937, 0.2953 0.3412 5.3937, 0.3021 0.0984 5.4724, 1.7057 0.0984 5.4724, 0.321 0.1894 5.4724, 1.6868 0.1894 5.4724, 1.6471 0.2974 5.4724, 1.5905 0.3976 5.4724, 1.5185 0.4872 5.4724, 1.4328 0.5641 5.4724, 1.1186 0.6993 5.4724, 1.0039 0.7087 5.4724, 0.5749 0.5641 5.4724, 0.4893 0.4872 5.4724, 0.4172 0.3976 5.4724, 1.3359 0.6261 5.4724, 1.2302 0.6715 5.4724, 0.8892 0.6993 5.4724, 0.7776 0.6715 5.4724, 0.3606 0.2974 5.4724, 0.6719 0.6261 5.4724, 1.6535 0.4402 5.4141, 1.5737 0.5395 5.4141, 1.2545 0.7436 5.4141, 0.7533 0.7436 5.4141, 1.7545 0.0984 5.4558, 1.7615 0.0984 5.449, 1.7404 0.2043 5.4494, 1.7601 0.2097 5.4141, 1.7829 0.0984 5.4123, 1.7851 0.0984 5.3939, 1.7724 0.0984 5.4365, 1.7741 0.0984 5.4329, 1.7525 0.2076 5.4331, 1.7806 0.0984 5.4198, 1.7823 0.0984 5.4141, 1.7678 0.0984 5.4427, 1.7482 0.0984 5.4603, 1.7247 0.1999 5.4619, 1.7453 0.0984 5.4616, 1.7311 0.0984 5.4683, 1.7064 0.1948 5.4698, 1.7262 0.0984 5.4697, 1.7236 0.0984 5.4704, 0.3004 0.0984 5.4724, 0.3014 0.1948 5.4698, 0.2817 0.0984 5.4698, 0.2831 0.1999 5.4619, 0.2739 0.0984 5.4673, 0.2815 0.0984 5.4698, 0.2463 0.0984 5.449, 0.2507 0.0984 5.4538, 0.2673 0.2043 5.4494, 0.2572 0.0984 5.4587, 0.2626 0.0984 5.4615, 0.2379 0.0984 5.4402, 0.2553 0.2076 5.4331, 0.2335 0.0984 5.4334, 0.2266 0.0984 5.4182, 0.2477 0.2097 5.4141, 0.2257 0.0984 5.414, 0.2229 0.0984 5.4001, 0.3421 0.3059 5.4698, 0.4004 0.409 5.4698, 0.3249 0.3139 5.4619, 0.3847 0.4196 5.4619, 0.3101 0.3207 5.4494, 0.3712 0.4288 5.4494, 0.2987 0.326 5.4331, 0.3608 0.4358 5.4331, 0.2916 0.3293 5.4141, 0.3543 0.4402 5.4141, 0.6623 0.6441 5.4698, 0.771 0.6909 5.4698, 0.6534 0.6609 5.4619, 0.765 0.7089 5.4619, 0.6458 0.6753 5.4494, 0.7598 0.7243 5.4494, 0.6399 0.6863 5.4331, 0.7558 0.7362 5.4331, 0.6362 0.6933 5.4141, 1.1219 0.7194 5.4698, 1.2367 0.6909 5.4698, 1.1249 0.7382 5.4619, 1.2428 0.7089 5.4619, 1.1276 0.7543 5.4494, 1.248 0.7243 5.4494, 1.1296 0.7666 5.4331, 1.252 0.7362 5.4331, 1.1309 0.7744 5.4141, 1.4452 0.5803 5.4698, 1.5333 0.5013 5.4698, 1.4567 0.5954 5.4619, 1.5471 0.5143 5.4619, 1.4665 0.6084 5.4494, 1.5589 0.5255 5.4494, 1.4741 0.6184 5.4331, 1.568 0.5341 5.4331, 1.4789 0.6246 5.4141, 0.4341 0.5395 5.4141, 0.4398 0.5341 5.4331, 0.4489 0.5255 5.4494, 0.4607 0.5143 5.4619, 0.4745 0.5013 5.4698, 0.5289 0.6246 5.4141, 0.5337 0.6184 5.4331, 0.5412 0.6084 5.4494, 0.5511 0.5954 5.4619, 0.5626 0.5803 5.4698, 0.8769 0.7744 5.4141, 0.8782 0.7666 5.4331, 0.8802 0.7543 5.4494, 0.8828 0.7382 5.4619, 0.8859 0.7194 5.4698, 1.0039 0.729 5.4698, 1.0039 0.748 5.4619, 1.0039 0.7643 5.4494, 1.0039 0.7769 5.4331, 1.0039 0.7847 5.4141, 1.3715 0.6933 5.4141, 1.3678 0.6863 5.4331, 1.362 0.6753 5.4494, 1.3543 0.6609 5.4619, 1.3454 0.6441 5.4698, 1.647 0.4358 5.4331, 1.6366 0.4288 5.4494, 1.6231 0.4196 5.4619, 1.6074 0.409 5.4698, 1.7162 0.3293 5.4141, 1.709 0.326 5.4331, 1.6977 0.3207 5.4494, 1.6829 0.3139 5.4619, 1.6656 0.3059 5.4698, 0.2251 -0.0984 5.4111, 0.2266 -0.0984 5.4182, 0.231 -0.0984 5.4276, 0.2231 -0.0984 5.4023, 0.2344 -0.0984 5.435, 0.2389 -0.0984 5.4415, 1.7677 -0.0984 5.4427, 1.7399 -0.0984 5.4642, 1.7557 -0.0984 5.4548, 1.7491 -0.0984 5.4596, 1.7831 -0.0984 5.4112, 1.7812 -0.0984 5.418, 1.7768 -0.0984 5.4276, 1.7833 -0.0984 5.4102, 0.252 -0.0984 5.4549, 0.2526 -0.0984 5.4552, 0.2583 -0.0984 5.4594, 1.7234 -0.0984 5.4703, 1.7245 -0.0984 5.4702, 1.7322 -0.0984 5.4679, 1.7688 -0.0984 5.4415, 1.7734 -0.0984 5.4348, 0.2679 -0.0984 5.4642, 0.2752 -0.0984 5.4678, 0.2827 -0.0984 5.4701, 0.2844 -0.0984 5.4703, 0.3021 -0.0984 5.4724, 1.7057 -0.0984 5.4724
            ]
        }
        coordIndex [
            0,1,2,-1,2,1,3,-1,2,3,4,-1,4,3,5,-1,4,5,6,-1,6,5,7,-1,8,9,10,-1,10,9,11,-1,10,11,12,-1,12,11,13,-1,12,13,14,-1,14,13,15,-1,14,15,16,-1,16,15,17,-1,18,19,15,-1,15,19,20,-1,15,20,17,-1,21,22,18,-1,18,22,23,-1,18,23,19,-1,24,25,21,-1,21,25,26,-1,21,26,22,-1,27,28,29,-1,29,28,30,-1,29,30,24,-1,24,30,31,-1,24,31,25,-1,27,29,32,-1,32,29,33,-1,32,33,34,-1,34,33,35,-1,35,33,36,-1,35,36,37,-1,37,36,38,-1,38,36,39,-1,38,39,40,-1,40,39,41,-1,41,39,42,-1,41,42,43,-1,43,42,44,-1,44,42,45,-1,44,45,46,-1,47,48,45,-1,45,48,49,-1,45,49,46,-1,50,51,52,-1,52,51,53,-1,52,53,47,-1,47,53,54,-1,47,54,48,-1,50,52,55,-1,55,52,1,-1,55,1,56,-1,56,1,0,-1,56,0,57,-1,7,5,58,-1,58,5,59,-1,58,59,60,-1,61,62,59,-1,59,62,63,-1,59,63,60,-1,64,65,61,-1,61,65,66,-1,61,66,62,-1,67,68,69,-1,69,68,70,-1,69,70,64,-1,64,70,71,-1,64,71,65,-1,67,69,72,-1,72,69,73,-1,72,73,74,-1,74,73,75,-1,75,73,76,-1,75,76,77,-1,77,76,78,-1,78,76,79,-1,78,79,80,-1,80,79,81,-1,81,79,82,-1,81,82,83,-1,83,82,84,-1,84,82,85,-1,84,85,86,-1,87,88,85,-1,85,88,89,-1,85,89,86,-1,90,91,87,-1,87,91,92,-1,87,92,88,-1,9,93,11,-1,11,93,94,-1,11,94,90,-1,90,94,95,-1,90,95,91,-1,96,97,98,-1,98,97,99,-1,98,99,100,-1,100,101,98,-1,98,101,102,-1,98,102,103,-1,98,104,105,-1,106,107,108,-1,103,109,98,-1,98,109,110,-1,98,110,104,-1,105,111,98,-1,98,111,112,-1,98,112,113,-1,113,112,108,-1,108,112,114,-1,108,114,106,-1,63,62,115,-1,66,65,116,-1,67,72,117,-1,80,81,118,-1,119,120,121,-1,7,58,122,-1,122,123,7,-1,7,123,124,-1,7,124,6,-1,125,126,127,-1,127,126,128,-1,127,128,122,-1,122,128,129,-1,122,129,123,-1,121,120,127,-1,127,120,130,-1,127,130,125,-1,119,121,131,-1,131,121,132,-1,131,132,133,-1,133,132,134,-1,134,132,135,-1,134,135,136,-1,136,135,137,-1,137,135,99,-1,137,99,97,-1,96,98,138,-1,138,98,139,-1,138,139,140,-1,141,142,139,-1,139,142,143,-1,139,143,140,-1,144,145,146,-1,146,145,147,-1,146,147,141,-1,141,147,148,-1,141,148,142,-1,144,146,149,-1,149,146,150,-1,149,150,151,-1,151,150,152,-1,152,150,153,-1,152,153,154,-1,153,93,9,-1,154,153,155,-1,155,153,9,-1,155,9,8,-1,113,108,156,-1,156,108,157,-1,156,157,158,-1,158,157,159,-1,158,159,160,-1,160,159,161,-1,160,161,162,-1,162,161,163,-1,162,163,164,-1,164,163,165,-1,114,112,166,-1,166,112,167,-1,166,167,168,-1,168,167,169,-1,168,169,170,-1,170,169,171,-1,170,171,172,-1,172,171,173,-1,172,173,174,-1,174,173,118,-1,104,110,175,-1,175,110,176,-1,175,176,177,-1,177,176,178,-1,177,178,179,-1,179,178,180,-1,179,180,181,-1,181,180,182,-1,181,182,183,-1,183,182,117,-1,103,102,184,-1,184,102,185,-1,184,185,186,-1,186,185,187,-1,186,187,188,-1,188,187,189,-1,188,189,190,-1,190,189,191,-1,190,191,192,-1,192,191,116,-1,98,113,139,-1,139,113,156,-1,139,156,141,-1,141,156,158,-1,141,158,146,-1,146,158,160,-1,146,160,150,-1,150,160,162,-1,150,162,153,-1,153,162,164,-1,153,164,93,-1,93,164,94,-1,89,88,193,-1,193,88,165,-1,193,165,194,-1,194,165,163,-1,194,163,195,-1,195,163,161,-1,195,161,196,-1,196,161,159,-1,196,159,197,-1,197,159,157,-1,197,157,107,-1,107,157,108,-1,88,92,165,-1,165,92,91,-1,165,91,164,-1,164,91,95,-1,164,95,94,-1,86,89,198,-1,198,89,193,-1,198,193,199,-1,199,193,194,-1,199,194,200,-1,200,194,195,-1,200,195,201,-1,201,195,196,-1,201,196,202,-1,202,196,197,-1,202,197,106,-1,106,197,107,-1,106,114,202,-1,202,114,166,-1,202,166,201,-1,201,166,168,-1,201,168,200,-1,200,168,170,-1,200,170,199,-1,199,170,172,-1,199,172,198,-1,198,172,174,-1,198,174,86,-1,86,174,84,-1,118,81,174,-1,174,81,83,-1,174,83,84,-1,78,80,203,-1,203,80,118,-1,203,118,204,-1,204,118,173,-1,204,173,205,-1,205,173,171,-1,205,171,206,-1,206,171,169,-1,206,169,207,-1,207,169,167,-1,207,167,111,-1,111,167,112,-1,111,105,207,-1,207,105,208,-1,207,208,206,-1,206,208,209,-1,206,209,205,-1,205,209,210,-1,205,210,204,-1,204,210,211,-1,204,211,203,-1,203,211,212,-1,203,212,78,-1,78,212,77,-1,105,104,208,-1,208,104,175,-1,208,175,209,-1,209,175,177,-1,209,177,210,-1,210,177,179,-1,210,179,211,-1,211,179,181,-1,211,181,212,-1,212,181,183,-1,212,183,77,-1,77,183,75,-1,117,72,183,-1,183,72,74,-1,183,74,75,-1,68,67,213,-1,213,67,117,-1,213,117,214,-1,214,117,182,-1,214,182,215,-1,215,182,180,-1,215,180,216,-1,216,180,178,-1,216,178,217,-1,217,178,176,-1,217,176,109,-1,109,176,110,-1,109,103,217,-1,217,103,184,-1,217,184,216,-1,216,184,186,-1,216,186,215,-1,215,186,188,-1,215,188,214,-1,214,188,190,-1,214,190,213,-1,213,190,192,-1,213,192,68,-1,68,192,70,-1,116,65,192,-1,192,65,71,-1,192,71,70,-1,62,66,115,-1,115,66,116,-1,115,116,218,-1,218,116,191,-1,218,191,219,-1,219,191,189,-1,219,189,220,-1,220,189,187,-1,220,187,221,-1,221,187,185,-1,221,185,101,-1,101,185,102,-1,60,63,222,-1,222,63,115,-1,222,115,223,-1,223,115,218,-1,223,218,224,-1,224,218,219,-1,224,219,225,-1,225,219,220,-1,225,220,226,-1,226,220,221,-1,226,221,100,-1,100,221,101,-1,100,99,226,-1,226,99,135,-1,226,135,225,-1,225,135,132,-1,225,132,224,-1,224,132,121,-1,224,121,223,-1,223,121,127,-1,223,127,222,-1,222,127,122,-1,222,122,60,-1,60,122,58,-1,4,10,2,-1,2,10,12,-1,2,12,0,-1,0,12,14,-1,227,228,229,-1,230,227,16,-1,16,227,14,-1,227,229,14,-1,14,229,231,-1,14,231,232,-1,233,234,235,-1,235,234,236,-1,237,14,238,-1,238,14,239,-1,237,240,14,-1,14,240,57,-1,14,57,0,-1,232,241,14,-1,14,241,242,-1,14,242,243,-1,244,245,233,-1,233,245,246,-1,233,246,234,-1,233,247,14,-1,14,247,248,-1,14,248,239,-1,243,249,14,-1,14,249,250,-1,14,250,251,-1,251,252,14,-1,14,252,253,-1,14,253,233,-1,233,253,254,-1,233,254,244,-1,8,10,148,-1,148,10,142,-1,10,4,6,-1,6,124,10,-1,10,124,123,-1,10,123,129,-1,144,149,151,-1,129,128,136,-1,136,128,126,-1,136,126,125,-1,136,137,129,-1,129,137,97,-1,129,97,10,-1,10,97,96,-1,10,96,138,-1,138,140,10,-1,10,140,143,-1,10,143,142,-1,147,154,148,-1,148,154,155,-1,148,155,8,-1,147,145,154,-1,154,145,144,-1,154,144,152,-1,152,144,151,-1,131,133,119,-1,119,133,120,-1,125,130,136,-1,136,130,120,-1,136,120,134,-1,134,120,133,-1,
        ]
    }
}
Shape{
    appearance Appearance {
        material  Material 	{
            diffuseColor 1.0 1.0 1.0
            specularColor 0.8784313725490196 0.8784313725490196 0.8784313725490196
            ambientIntensity 1.0
            transparency 0.0
            shininess 0.5
        }
    }
    geometry IndexedFaceSet {
        ccw TRUE
        solid FALSE
        coord DEF co Coordinate {
            point [
                0.5118 -1.2795 1.6607, 0.5118 -0.0984 1.6607, 1.496 -1.2795 1.6607, 1.496 -0.0984 1.6607, 1.496 -1.6732 2.0544, 1.496 -1.6732 2.1654, 0.5118 -1.6732 2.0544, 0.5118 -1.6732 2.1654, 1.496 -1.5551 0.9055, 1.496 -0.0984 0.9055, 0.5118 -1.5551 0.9055, 0.5118 -0.0984 0.9055, 0.5118 -1.5857 0.9015, 1.496 -1.5857 0.9015, 0.5118 -1.6142 0.8897, 1.496 -1.6142 0.8897, 0.5118 -1.6386 0.8709, 1.496 -1.6386 0.8709, 0.5118 -1.6574 0.8465, 1.496 -1.6574 0.8465, 0.5118 -1.6692 0.818, 1.496 -1.6692 0.818, 0.5118 -1.6732 0.7874, 1.496 -1.6732 0.7874, 0.5118 -1.6598 1.9525, 1.496 -1.6598 1.9525, 0.5118 -1.6205 1.8575, 1.496 -1.6205 1.8575, 0.5118 -1.5579 1.776, 1.496 -1.5579 1.776, 0.5118 -1.4764 1.7134, 1.496 -1.4764 1.7134, 0.5118 -1.3814 1.6741, 1.496 -1.3814 1.6741
            ]
        }
        coordIndex [
            0,1,2,-1,2,1,3,-1,4,5,6,-1,6,5,7,-1,8,9,10,-1,10,9,11,-1,8,10,12,-1,8,12,13,-1,13,12,14,-1,13,14,15,-1,15,14,16,-1,15,16,17,-1,17,16,18,-1,17,18,19,-1,19,18,20,-1,19,20,21,-1,21,20,22,-1,21,22,23,-1,4,6,24,-1,4,24,25,-1,25,24,26,-1,25,26,27,-1,27,26,28,-1,27,28,29,-1,29,28,30,-1,29,30,31,-1,31,30,32,-1,31,32,33,-1,33,32,0,-1,33,0,2,-1,
        ]
    }
}
Shape{
    appearance Appearance {
        material  Material 	{
            diffuseColor 0.22745098039215686 0.5372549019607843 0.26666666666666666
            specularColor 0.11372549019607843 0.26666666666666666 0.13333333333333333
            ambientIntensity 0.4138
            transparency 0.0
            shininess 0.5
        }
    }
    geometry IndexedFaceSet {
        ccw TRUE
        solid FALSE
        coord DEF co Coordinate {
            point [
                1.9881 -1.3713 2.7559, 1.7913 -1.2795 2.7559, 1.9881 -1.3713 0.0, 1.7913 -1.2795 0.0, 1.7913 -1.6732 2.7559, 1.7913 -1.6732 0.0, 1.9881 -1.5814 2.7559, 1.9881 -1.5814 0.0, 1.9881 1.3846 2.7559, 1.7913 1.4764 2.7559, 1.9881 1.3846 0.0, 1.7913 1.4764 0.0, 1.7913 1.0827 2.7559, 1.7913 1.0827 0.0, 1.9881 1.1745 2.7559, 1.9881 1.1745 0.0, -0.1771 -1.2795 2.7559, 0.0196 -1.3713 2.7559, -0.1771 -1.2795 0.0, 0.0196 -1.3713 0.0, -0.1771 -1.6732 2.7559, -0.1771 -1.6732 0.0, 0.0196 -1.5815 2.7559, 0.0196 -1.5815 0.0, -0.1771 1.4764 2.7559, 0.0196 1.3846 2.7559, -0.1771 1.4764 0.0, 0.0196 1.3846 0.0, -0.1771 1.0827 2.7559, -0.1771 1.0827 0.0, 0.0196 1.1744 2.7559, 0.0196 1.1744 0.0
            ]
        }
        coordIndex [
            0,1,2,-1,2,1,3,-1,1,4,3,-1,3,4,5,-1,4,6,5,-1,5,6,7,-1,4,1,6,-1,6,1,0,-1,8,9,10,-1,10,9,11,-1,9,12,11,-1,11,12,13,-1,12,14,13,-1,13,14,15,-1,12,9,14,-1,14,9,8,-1,16,17,18,-1,18,17,19,-1,20,16,21,-1,21,16,18,-1,22,20,23,-1,23,20,21,-1,20,22,16,-1,16,22,17,-1,24,25,26,-1,26,25,27,-1,28,24,29,-1,29,24,26,-1,30,28,31,-1,31,28,29,-1,28,30,24,-1,24,30,25,-1,
        ]
    }
}
Shape{
    appearance Appearance {
        material  Material 	{
            diffuseColor 0.7686274509803922 0.7686274509803922 0.7686274509803922
            specularColor 0.615686274509804 0.615686274509804 0.615686274509804
            ambientIntensity 0.7686
            transparency 0.0
            shininess 0.5
        }
    }
    geometry IndexedFaceSet {
        ccw TRUE
        solid FALSE
        coord DEF co Coordinate {
            point [
                0.8267 -0.1378 -1.2598, 0.8267 -0.1378 0.0, 0.8267 0.1772 -1.2598, 0.8267 0.1772 0.0, 1.0664 0.1772 -1.5748, 0.9414 0.1772 -1.5748, 1.1811 0.1772 -1.2598, 1.1811 0.1772 0.0, 1.1811 -0.1378 -1.2598, 1.1811 -0.1378 0.0, 1.0664 -0.1378 -1.5748, 0.9414 -0.1378 -1.5748
            ]
        }
        coordIndex [
            0,1,2,-1,2,1,3,-1,4,5,6,-1,6,5,2,-1,6,2,7,-1,7,2,3,-1,6,7,8,-1,8,7,9,-1,9,1,8,-1,8,1,0,-1,8,0,10,-1,10,0,11,-1,10,11,4,-1,4,11,5,-1,8,10,6,-1,6,10,4,-1,2,5,0,-1,0,5,11,-1,
        ]
    }
}
Shape{
    appearance Appearance {
        material  Material 	{
            diffuseColor 0.22745098039215686 0.5372549019607843 0.26666666666666666
            specularColor 0.11372549019607843 0.26666666666666666 0.13333333333333333
            ambientIntensity 0.4138
            transparency 0.0
            shininess 0.5
        }
    }
    geometry IndexedFaceSet {
        ccw TRUE
        solid FALSE
        coord DEF co Coordinate {
            point [
                0.0196 1.0998 5.5512, 1.9881 1.0998 5.5512, 1.9881 1.1171 5.5493, 0.0196 1.1171 5.5493, 1.9881 1.1335 5.5436, 0.0196 1.1335 5.5436, 1.9881 1.1483 5.5344, 0.0196 1.1483 5.5344, 1.9881 1.1607 5.5223, 0.0196 1.1607 5.5223, 1.9881 1.1702 5.5077, 0.0196 1.1702 5.5077, 1.9881 1.1762 5.4913, 0.0196 1.1762 5.4913, 0.0196 -1.1774 5.4935, 1.9881 -1.1774 5.4935, 1.9881 -1.1694 5.5123, 0.0196 -1.1694 5.5123, 1.9881 -1.1569 5.5284, 0.0196 -1.1569 5.5284, 1.9881 -1.1407 5.5408, 0.0196 -1.1407 5.5408, 1.9881 -1.1218 5.5485, 0.0196 -1.1218 5.5485, 1.9881 -1.1015 5.5512, 0.0196 -1.1015 5.5512
            ]
        }
        coordIndex [
            0,1,2,-1,0,2,3,-1,3,2,4,-1,3,4,5,-1,5,4,6,-1,5,6,7,-1,7,6,8,-1,7,8,9,-1,9,8,10,-1,9,10,11,-1,11,10,12,-1,11,12,13,-1,14,15,16,-1,14,16,17,-1,17,16,18,-1,17,18,19,-1,19,18,20,-1,19,20,21,-1,21,20,22,-1,21,22,23,-1,23,22,24,-1,23,24,25,-1,
        ]
    }
}
Shape{
    appearance Appearance {
        material  Material 	{
            diffuseColor 1.0 1.0 1.0
            specularColor 0.8784313725490196 0.8784313725490196 0.8784313725490196
            ambientIntensity 1.0
            transparency 0.0
            shininess 0.5
        }
    }
    geometry IndexedFaceSet {
        ccw TRUE
        solid FALSE
        coord DEF co Coordinate {
            point [
                0.5028 2.063 1.1367, 0.3799 2.063 0.8218, 0.5028 2.0669 1.1367, 0.3799 2.0669 0.8218, 0.426 2.063 0.8218, 0.426 2.0669 0.8218, 0.4578 2.063 0.9101, 0.4578 2.0669 0.9101, 0.5879 2.063 0.9101, 0.5879 2.0669 0.9101, 0.618 2.063 0.8218, 0.618 2.0669 0.8218, 0.6641 2.063 0.8218, 0.6641 2.0669 0.8218, 0.545 2.063 1.1367, 0.545 2.0669 1.1367, 0.5773 2.063 0.9447, 0.5303 2.063 1.0762, 0.5273 2.063 1.0871, 0.5253 2.063 1.0983, 0.5243 2.063 1.0983, 0.5222 2.063 1.0872, 0.5194 2.063 1.0762, 0.472 2.063 0.9447, 0.5773 2.0669 0.9447, 0.472 2.0669 0.9447, 0.5303 2.0669 1.0762, 0.5273 2.0669 1.0871, 0.5253 2.0669 1.0983, 0.5243 2.0669 1.0983, 0.5222 2.0669 1.0872, 0.5194 2.0669 1.0762, 0.855 2.063 0.8218, 0.9406 2.063 0.8218, 0.855 2.0669 0.8218, 0.9406 2.0669 0.8218, 0.9406 2.063 1.1367, 0.9406 2.0669 1.1367, 0.8518 2.063 1.1367, 0.8518 2.0669 1.1367, 0.6871 2.063 0.9832, 0.6871 2.0669 0.9832, 0.6894 2.0669 1.0128, 0.6894 2.063 1.0128, 0.6979 2.0669 1.0439, 0.6979 2.063 1.0439, 0.7125 2.0669 1.071, 0.7125 2.063 1.071, 0.7348 2.0669 1.0957, 0.7348 2.063 1.0957, 0.7351 2.0669 1.0959, 0.7351 2.063 1.0959, 0.7694 2.0669 1.1189, 0.7694 2.063 1.1189, 0.8063 2.0669 1.1319, 0.8063 2.063 1.1319, 0.816 2.0669 0.8252, 0.816 2.063 0.8252, 0.7797 2.0669 0.836, 0.7797 2.063 0.836, 0.7469 2.0669 0.8551, 0.7469 2.063 0.8551, 0.7209 2.0669 0.8799, 0.7209 2.063 0.8799, 0.7029 2.0669 0.9081, 0.7029 2.063 0.9081, 0.6916 2.0669 0.9411, 0.6916 2.063 0.9411, 0.7504 2.063 1.058, 0.7657 2.063 1.0742, 0.7887 2.063 1.0891, 0.8147 2.063 1.0982, 0.8519 2.063 1.1022, 0.8984 2.063 1.1022, 0.8984 2.063 0.8563, 0.8537 2.063 0.8563, 0.8205 2.063 0.8594, 0.794 2.063 0.8677, 0.7725 2.063 0.8805, 0.7548 2.063 0.8979, 0.7415 2.063 0.9196, 0.7323 2.063 0.9492, 0.7294 2.063 0.9823, 0.7321 2.063 1.0136, 0.7394 2.063 1.0386, 0.8519 2.0669 1.1022, 0.8984 2.0669 1.1022, 0.8147 2.0669 1.0982, 0.7887 2.0669 1.0891, 0.7657 2.0669 1.0742, 0.7504 2.0669 1.058, 0.7394 2.0669 1.0386, 0.7321 2.0669 1.0136, 0.7294 2.0669 0.9823, 0.7323 2.0669 0.9492, 0.7415 2.0669 0.9196, 0.7548 2.0669 0.8979, 0.7725 2.0669 0.8805, 0.794 2.0669 0.8677, 0.8205 2.0669 0.8594, 0.8537 2.0669 0.8563, 0.8984 2.0669 0.8563, 1.0021 2.063 0.8563, 1.0021 2.063 0.8218, 1.0021 2.0669 0.8563, 1.0021 2.0669 0.8218, 1.1711 2.063 0.8218, 1.1711 2.0669 0.8218, 1.1711 2.063 1.1367, 1.1711 2.0669 1.1367, 1.0098 2.063 1.1367, 1.0098 2.0669 1.1367, 1.0098 2.063 1.1022, 1.0098 2.0669 1.1022, 1.1289 2.063 1.1022, 1.1289 2.0669 1.1022, 1.1289 2.063 0.9984, 1.1289 2.0669 0.9984, 1.0175 2.063 0.9984, 1.0175 2.0669 0.9984, 1.0175 2.063 0.9639, 1.0175 2.0669 0.9639, 1.1289 2.063 0.9639, 1.1289 2.0669 0.9639, 1.1289 2.063 0.8563, 1.1289 2.0669 0.8563, 1.2326 2.063 0.8727, 1.2326 2.063 0.8381, 1.2326 2.0669 0.8727, 1.2326 2.0669 0.8381, 1.3192 2.063 0.8179, 1.3192 2.0669 0.8179, 1.3106 2.0669 0.8181, 1.3106 2.063 0.8181, 1.2661 2.0669 0.8243, 1.2661 2.063 0.8243, 1.4669 2.063 0.9733, 1.4669 2.0669 0.9733, 1.4638 2.0669 0.9368, 1.4638 2.063 0.9368, 1.4543 2.0669 0.9035, 1.4543 2.063 0.9035, 1.4376 2.0669 0.8735, 1.4376 2.063 0.8735, 1.4139 2.0669 0.8486, 1.4139 2.063 0.8486, 1.3886 2.0669 0.8325, 1.3886 2.063 0.8325, 1.358 2.0669 0.8219, 1.358 2.063 0.8219, 1.3067 2.063 1.1406, 1.3067 2.0669 1.1406, 1.3383 2.063 1.138, 1.3302 2.0669 1.1386, 1.3383 2.0669 1.138, 1.3734 2.0669 1.1278, 1.3734 2.063 1.1278, 1.4033 2.0669 1.1106, 1.4033 2.063 1.1106, 1.4318 2.0669 1.0832, 1.4318 2.063 1.0832, 1.4502 2.0669 1.0538, 1.4502 2.063 1.0538, 1.4623 2.0669 1.0181, 1.4623 2.063 1.0181, 1.2788 2.0669 1.1386, 1.269 2.063 1.138, 1.269 2.0669 1.138, 1.2326 2.063 1.1281, 1.2326 2.0669 1.1281, 1.2326 2.063 1.0858, 1.2326 2.0669 1.0858, 1.3063 2.063 1.106, 1.3063 2.0669 1.106, 1.268 2.0669 1.101, 1.268 2.063 1.101, 1.4246 2.063 0.9759, 1.4246 2.0669 0.9759, 1.4231 2.0669 1.0004, 1.4231 2.063 1.0004, 1.4147 2.0669 1.0341, 1.4147 2.063 1.0341, 1.4017 2.0669 1.0584, 1.4017 2.063 1.0584, 1.3827 2.0669 1.0794, 1.3827 2.063 1.0794, 1.3609 2.0669 1.094, 1.3609 2.063 1.094, 1.3373 2.0669 1.1025, 1.3373 2.063 1.1025, 1.3134 2.063 0.8525, 1.3134 2.0669 0.8525, 1.3428 2.0669 0.8558, 1.3428 2.063 0.8558, 1.3657 2.0669 0.8642, 1.3657 2.063 0.8642, 1.3851 2.0669 0.8773, 1.3851 2.063 0.8773, 1.3998 2.0669 0.8929, 1.3998 2.063 0.8929, 1.4129 2.0669 0.9147, 1.4129 2.063 0.9147, 1.4214 2.0669 0.9418, 1.4214 2.063 0.9418, 1.2382 2.0669 0.8695, 1.2382 2.063 0.8695, 1.2716 2.0669 0.8571, 1.2716 2.063 0.8571, 1.4937 2.063 0.8563, 1.4937 2.063 0.8218, 1.4937 2.0669 0.8563, 1.4937 2.0669 0.8218, 1.6551 2.063 0.8218, 1.6551 2.0669 0.8218, 1.6551 2.063 1.1367, 1.6551 2.0669 1.1367, 1.6128 2.063 1.1367, 1.6128 2.0669 1.1367, 1.6128 2.063 0.8563, 1.6128 2.0669 0.8563
            ]
        }
        coordIndex [
            0,1,2,-1,2,1,3,-1,1,4,3,-1,3,4,5,-1,4,6,5,-1,5,6,7,-1,6,8,7,-1,7,8,9,-1,8,10,9,-1,9,10,11,-1,10,12,11,-1,11,12,13,-1,12,14,13,-1,13,14,15,-1,14,0,15,-1,15,0,2,-1,16,17,14,-1,12,10,8,-1,17,18,14,-1,14,18,19,-1,14,19,0,-1,0,19,20,-1,0,20,21,-1,21,22,0,-1,0,22,23,-1,0,23,1,-1,4,1,6,-1,6,1,23,-1,6,23,8,-1,8,23,16,-1,8,16,12,-1,12,16,14,-1,16,23,24,-1,24,23,25,-1,17,16,26,-1,26,16,24,-1,17,26,27,-1,17,27,18,-1,18,27,28,-1,18,28,19,-1,20,19,29,-1,29,19,28,-1,20,29,30,-1,20,30,21,-1,21,30,31,-1,21,31,22,-1,23,22,25,-1,25,22,31,-1,32,33,34,-1,34,33,35,-1,33,36,35,-1,35,36,37,-1,36,38,37,-1,37,38,39,-1,40,41,42,-1,40,42,43,-1,43,42,44,-1,43,44,45,-1,45,44,46,-1,45,46,47,-1,47,46,48,-1,47,48,49,-1,49,48,50,-1,49,50,51,-1,51,50,52,-1,51,52,53,-1,53,52,54,-1,53,54,55,-1,55,54,39,-1,55,39,38,-1,32,34,56,-1,32,56,57,-1,57,56,58,-1,57,58,59,-1,59,58,60,-1,59,60,61,-1,61,60,62,-1,61,62,63,-1,63,62,64,-1,63,64,65,-1,65,64,66,-1,65,66,67,-1,67,66,41,-1,67,41,40,-1,45,47,68,-1,68,47,49,-1,68,49,69,-1,69,49,51,-1,69,51,70,-1,70,51,53,-1,70,53,71,-1,71,53,55,-1,71,55,72,-1,72,55,38,-1,72,38,73,-1,73,38,36,-1,73,36,74,-1,74,36,33,-1,74,33,75,-1,75,33,32,-1,75,32,76,-1,76,32,57,-1,76,57,77,-1,77,57,59,-1,77,59,78,-1,78,59,61,-1,78,61,79,-1,79,61,63,-1,79,63,80,-1,80,63,65,-1,80,65,81,-1,81,65,67,-1,81,67,82,-1,82,67,40,-1,82,40,83,-1,83,40,43,-1,83,43,84,-1,84,43,45,-1,84,45,68,-1,72,73,85,-1,85,73,86,-1,72,85,87,-1,72,87,71,-1,71,87,88,-1,71,88,70,-1,70,88,89,-1,70,89,69,-1,69,89,90,-1,69,90,68,-1,68,90,91,-1,68,91,84,-1,84,91,92,-1,84,92,83,-1,83,92,93,-1,83,93,82,-1,82,93,94,-1,82,94,81,-1,81,94,95,-1,81,95,80,-1,80,95,96,-1,80,96,79,-1,79,96,97,-1,79,97,78,-1,78,97,98,-1,78,98,77,-1,77,98,99,-1,77,99,76,-1,76,99,100,-1,76,100,75,-1,74,75,101,-1,101,75,100,-1,73,74,86,-1,86,74,101,-1,102,103,104,-1,104,103,105,-1,103,106,105,-1,105,106,107,-1,106,108,107,-1,107,108,109,-1,108,110,109,-1,109,110,111,-1,110,112,111,-1,111,112,113,-1,112,114,113,-1,113,114,115,-1,114,116,115,-1,115,116,117,-1,116,118,117,-1,117,118,119,-1,118,120,119,-1,119,120,121,-1,120,122,121,-1,121,122,123,-1,122,124,123,-1,123,124,125,-1,124,102,125,-1,125,102,104,-1,106,103,102,-1,102,124,106,-1,106,124,122,-1,106,122,108,-1,112,110,114,-1,114,110,108,-1,114,108,116,-1,116,108,122,-1,116,122,118,-1,118,122,120,-1,126,127,128,-1,128,127,129,-1,130,131,132,-1,130,132,133,-1,133,132,134,-1,133,134,135,-1,135,134,129,-1,135,129,127,-1,136,137,138,-1,136,138,139,-1,139,138,140,-1,139,140,141,-1,141,140,142,-1,141,142,143,-1,143,142,144,-1,143,144,145,-1,145,144,146,-1,145,146,147,-1,147,146,148,-1,147,148,149,-1,149,148,131,-1,149,131,130,-1,150,151,152,-1,152,151,153,-1,153,154,152,-1,152,154,155,-1,152,155,156,-1,156,155,157,-1,156,157,158,-1,158,157,159,-1,158,159,160,-1,160,159,161,-1,160,161,162,-1,162,161,163,-1,162,163,164,-1,164,163,137,-1,164,137,136,-1,151,150,165,-1,165,150,166,-1,165,166,167,-1,167,166,168,-1,167,168,169,-1,168,170,169,-1,169,170,171,-1,172,173,174,-1,172,174,175,-1,175,174,171,-1,175,171,170,-1,176,177,178,-1,176,178,179,-1,179,178,180,-1,179,180,181,-1,181,180,182,-1,181,182,183,-1,183,182,184,-1,183,184,185,-1,185,184,186,-1,185,186,187,-1,187,186,188,-1,187,188,189,-1,189,188,173,-1,189,173,172,-1,190,191,192,-1,190,192,193,-1,193,192,194,-1,193,194,195,-1,195,194,196,-1,195,196,197,-1,197,196,198,-1,197,198,199,-1,199,198,200,-1,199,200,201,-1,201,200,202,-1,201,202,203,-1,203,202,177,-1,203,177,176,-1,126,128,204,-1,126,204,205,-1,205,204,206,-1,205,206,207,-1,207,206,191,-1,207,191,190,-1,193,130,190,-1,190,130,133,-1,190,133,207,-1,207,133,135,-1,207,135,205,-1,205,135,127,-1,205,127,126,-1,170,168,175,-1,175,168,166,-1,175,166,172,-1,172,166,150,-1,172,150,189,-1,189,150,152,-1,189,152,187,-1,187,152,156,-1,187,156,185,-1,185,156,158,-1,185,158,183,-1,183,158,160,-1,183,160,181,-1,181,160,162,-1,181,162,179,-1,179,162,164,-1,179,164,176,-1,176,164,136,-1,176,136,203,-1,203,136,139,-1,203,139,201,-1,201,139,141,-1,201,141,199,-1,199,141,143,-1,199,143,197,-1,197,143,145,-1,197,145,195,-1,195,145,147,-1,195,147,193,-1,193,147,149,-1,193,149,130,-1,208,209,210,-1,210,209,211,-1,209,212,211,-1,211,212,213,-1,212,214,213,-1,213,214,215,-1,214,216,215,-1,215,216,217,-1,216,218,217,-1,217,218,219,-1,218,208,219,-1,219,208,210,-1,216,214,218,-1,218,214,212,-1,218,212,208,-1,208,212,209,-1,
        ]
    }
}
Shape{
    appearance Appearance {
        material  Material 	{
            diffuseColor 0.22745098039215686 0.5372549019607843 0.26666666666666666
            specularColor 0.11372549019607843 0.26666666666666666 0.13333333333333333
            ambientIntensity 0.4138
            transparency 0.0
            shininess 0.5
        }
    }
    geometry IndexedFaceSet {
        ccw TRUE
        solid FALSE
        coord DEF co Coordinate {
            point [
                0.5773 2.0669 0.9447, 0.472 2.0669 0.9447, 0.5303 2.0669 1.0762, 0.5194 2.0669 1.0762, 0.5273 2.0669 1.0871, 0.5222 2.0669 1.0872, 0.5253 2.0669 1.0983, 0.5243 2.0669 1.0983, 0.8984 2.0669 1.1022, 0.8984 2.0669 0.8563, 0.8519 2.0669 1.1022, 0.8537 2.0669 0.8563, 0.8205 2.0669 0.8594, 0.7294 2.0669 0.9823, 0.7321 2.0669 1.0136, 0.7394 2.0669 1.0386, 0.8147 2.0669 1.0982, 0.794 2.0669 0.8677, 0.7725 2.0669 0.8805, 0.7548 2.0669 0.8979, 0.7415 2.0669 0.9196, 0.7323 2.0669 0.9492, 0.7504 2.0669 1.058, 0.7657 2.0669 1.0742, 0.7887 2.0669 1.0891
            ]
        }
        coordIndex [
            0,1,2,-1,2,1,3,-1,2,3,4,-1,4,3,5,-1,4,5,6,-1,6,5,7,-1,8,9,10,-1,10,9,11,-1,10,11,12,-1,13,14,10,-1,10,14,15,-1,10,15,16,-1,12,17,10,-1,10,17,18,-1,10,18,19,-1,19,20,10,-1,10,20,21,-1,10,21,13,-1,22,23,15,-1,15,23,24,-1,15,24,16,-1,
        ]
    }
}